chip,event,threshold_db,all_iou,all_recall,all_precision,all_n_pos,cropland_iou,cropland_recall,cropland_precision,cropland_n_pos,open_water_iou,open_water_recall,open_water_precision,open_water_n_pos,vegetation_iou,vegetation_recall,vegetation_precision,vegetation_n_pos
Bolivia_103757,Bolivia,-13.623390197753906,0.7989083303575983,0.8857530682653696,0.8906898708980265,35362,nan,nan,nan,0,nan,nan,nan,0,0.7989083303575983,0.8857530682653696,0.8906898708980265,35362
Bolivia_129334,Bolivia,-13.148679733276367,0.8155995329336245,0.8637828624885466,0.9359846696475685,156067,nan,nan,nan,0,0.9250317662007624,0.9551716597419637,0.9670135045384104,4573,0.8123745652634597,0.8609769792251544,0.9350268300381647,151385
Bolivia_195474,Bolivia,-8.227874755859375,0.011822389222380058,0.8317214700193424,0.01185073584801661,1551,nan,nan,nan,0,nan,nan,nan,0,0.011823581170259568,0.8317214700193424,0.01185193351892175,1551
Bolivia_23014,Bolivia,-13.449968338012695,0.6576457229371688,0.8933161953727506,0.7136989114807969,7780,nan,nan,nan,0,0.9008253281017453,0.9052345343303875,0.9946220495966537,7355,0.03490342256862081,0.46396396396396394,0.03637005649717514,222
Bolivia_233925,Bolivia,-9.8118257522583,0.0,0.0,0.0,1,nan,nan,nan,0,nan,nan,nan,0,0.0,0.0,0.0,1
Bolivia_242570,Bolivia,-13.095710754394531,0.3132234151698626,0.7926570613618079,0.341177026112414,27346,0.1111111111111111,0.23076923076923078,0.17647058823529413,13,0.8939447592067988,0.9571563981042654,0.9312061969752858,5275,0.244911682219999,0.7422706034397057,0.26767405176740516,20118
Bolivia_290290,Bolivia,-10.170233726501465,0.22349837254986307,0.7912584395146962,0.23750171418123087,19699,nan,nan,nan,0,0.965327462850853,0.994895065229722,0.9701327433628318,1763,0.20250642104330882,0.769994948644553,0.2155448717948718,17817
Bolivia_294583,Bolivia,-14.202117919921875,0.7538614848031888,0.9073160980810234,0.8167586372360844,15008,nan,nan,nan,0,0.8693310436343767,0.9741952414275717,0.889821029082774,11432,0.41467164506918514,0.638700947225981,0.5417503586800574,2956
Bolivia_312675,Bolivia,-9.0529146194458,0.1516531592914007,0.8833420365535248,0.15475253865154148,9575,nan,nan,nan,0,0.0,nan,0.0,0,0.1517293340987371,0.8834343012325047,0.15482902540821555,9574
Bolivia_314919,Bolivia,-13.142526626586914,0.7330826257488902,0.8130332942947968,0.8817247501911637,83678,nan,nan,nan,0,0.9212598425196851,0.9547477744807121,0.9633233532934131,1348,0.7301644697193824,0.8107578688664209,0.8801727667780581,82191
Bolivia_360519,Bolivia,-8.710025787353516,0.0037002403145204267,0.8888888888888888,0.0037019525787922378,414,0.42857142857142855,1.0,0.42857142857142855,6,nan,nan,nan,0,0.003556137611444114,0.8847117794486216,0.0035577863110896096,399
Bolivia_379434,Bolivia,-8.876084327697754,0.110886255850957,0.6652455977757182,0.11743917802391976,10790,0.375,1.0,0.375,3,0.6539115646258503,0.8077731092436975,0.7744209466263847,952,0.09972636540499502,0.6478627209206741,0.10544183557428591,9732
Bolivia_432776,Bolivia,-13.144837379455566,0.7051065560636501,0.7929309030424839,0.8642434131012812,72145,nan,nan,nan,0,0.9769198489299202,0.9856054191363252,0.9910600255427842,2362,0.696855297945902,0.7864212761074133,0.8595236975369612,69712
Bolivia_60373,Bolivia,-10.902304649353027,0.23105356710026662,0.9165865384615385,0.23601625848515484,12480,0.0,nan,0.0,0,0.551978978485794,0.8931703428115865,0.5909970107262177,3763,0.1847846182288778,0.9304165696997906,0.18737404508600083,8594
Bolivia_76104,Bolivia,-9.38990592956543,2.241097241209296e-05,0.4,2.241172581494638e-05,5,nan,nan,nan,0,nan,nan,nan,0,2.242755898448013e-05,0.4,2.2428313502966144e-05,5
Ghana_103272,Ghana,-9.655574798583984,0.015412283610131517,0.9845956354300385,0.015416000884359893,1558,0.0051501098364657065,0.9745958429561201,0.005150801303567723,433,0.8222748815165877,1.0,0.8222748815165877,347,0.05283116435404637,0.9808,0.052885859718747305,625
Ghana_1033830,Ghana,-12.340276718139648,0.6434468524251806,0.6826806871120017,0.9180070561435675,96811,0.7039279869067103,0.8046772684752105,0.8489932885906041,10690,0.9746966176090885,0.977219777375097,0.9973579920739762,3863,0.6131735646548555,0.6469569264181189,0.9215216910952346,77356
Ghana_1078550,Ghana,-9.951225280761719,0.0061004491629236424,0.5309168443496801,0.006133508498234666,1407,0.041237113402061855,0.8,0.041666666666666664,5,nan,nan,nan,0,0.005984926850894044,0.5305676855895196,0.006016787580161933,1374
Ghana_1089161,Ghana,-10.03411865234375,0.025028929412234148,0.8630890952872377,0.02512869819522064,2907,0.004777218804627764,0.5755627009646302,0.004794107800468698,622,0.9939498703543648,0.9982638888888888,0.9956709956709957,1152,0.034224343675417664,0.8515439429928741,0.03442977190876351,842
Ghana_11745,Ghana,-9.348836898803711,0.0,nan,0.0,0,0.0,nan,0.0,0,nan,nan,nan,0,0.0,nan,0.0,0
Ghana_124834,Ghana,-9.514315605163574,0.0,nan,0.0,0,0.0,nan,0.0,0,nan,nan,nan,0,0.0,nan,0.0,0
Ghana_128663,Ghana,-8.903164863586426,0.0,nan,0.0,0,0.0,nan,0.0,0,0.0,nan,0.0,0,0.0,nan,0.0,0
Ghana_132163,Ghana,-7.3850908279418945,0.0,nan,0.0,0,0.0,nan,0.0,0,0.0,nan,0.0,0,0.0,nan,0.0,0
Ghana_134751,Ghana,-8.738348007202148,0.0,nan,0.0,0,0.0,nan,0.0,0,nan,nan,nan,0,0.0,nan,0.0,0
Ghana_135389,Ghana,-8.855361938476562,0.012923923006416132,0.5595238095238095,0.013056764515232891,252,nan,nan,nan,0,nan,nan,nan,0,0.011390777144956826,0.5321888412017167,0.01150598496798738,233
Ghana_141271,Ghana,-9.523810386657715,0.00892391542045856,0.6485330073349633,0.008967283361083173,1636,0.04203262233375157,0.7790697674418605,0.04253968253968254,86,nan,nan,nan,0,0.0062027022357372405,0.5968412302576891,0.006228799958358997,1203
Ghana_141910,Ghana,-14.467413902282715,0.3676017460521248,0.6484359518754423,0.45910247930571424,70650,0.4159364057916154,0.6412418663009541,0.542081894425259,34271,0.7680499544685834,0.9226441631504922,0.8209121245828699,6399,0.2752687127687128,0.5987465230097532,0.33753473600635175,28401
Ghana_142312,Ghana,-9.858903884887695,0.0,nan,0.0,0,0.0,nan,0.0,0,nan,nan,nan,0,0.0,nan,0.0,0
Ghana_144050,Ghana,-10.58574104309082,0.0,nan,0.0,0,0.0,nan,0.0,0,nan,nan,nan,0,0.0,nan,0.0,0
Ghana_146222,Ghana,-8.894147872924805,0.0,nan,0.0,0,0.0,nan,0.0,0,nan,nan,nan,0,0.0,nan,0.0,0
Ghana_147015,Ghana,-9.46491813659668,0.02216235755843977,0.7294617563739377,0.022346029349231557,3530,0.019709253564439474,0.7790055248618785,0.019820073095305032,181,nan,nan,nan,0,0.018838144224609357,0.7069686411149826,0.018986394175883818,2870
Ghana_154838,Ghana,-9.77111530303955,0.0,nan,0.0,0,0.0,nan,0.0,0,nan,nan,nan,0,0.0,nan,0.0,0
Ghana_156478,Ghana,-9.319440841674805,0.0,nan,0.0,0,0.0,nan,0.0,0,nan,nan,nan,0,0.0,nan,0.0,0
Ghana_161233,Ghana,-12.32040023803711,0.0,nan,0.0,0,0.0,nan,0.0,0,nan,nan,nan,0,0.0,nan,0.0,0
Ghana_167233,Ghana,-9.536910057067871,0.0,nan,0.0,0,0.0,nan,0.0,0,nan,nan,nan,0,0.0,nan,0.0,0
Ghana_168875,Ghana,-8.106437683105469,0.0,nan,0.0,0,nan,nan,nan,0,nan,nan,nan,0,0.0,nan,0.0,0
Ghana_187318,Ghana,-9.272607803344727,0.0,nan,0.0,0,0.0,nan,0.0,0,nan,nan,nan,0,0.0,nan,0.0,0
Ghana_194723,Ghana,-9.201288223266602,0.0,nan,0.0,0,0.0,nan,0.0,0,0.0,nan,0.0,0,0.0,nan,0.0,0
Ghana_234935,Ghana,nan,nan,nan,nan,0,nan,nan,nan,0,nan,nan,nan,0,nan,nan,nan,0
Ghana_247288,Ghana,-15.926383972167969,0.44443257106219275,0.46818011257035647,0.8975613265232717,26650,0.6098926738217452,0.6211977186311787,0.9710252600297177,2104,0.9143468950749465,0.9452877925363694,0.9654392764857881,3162,0.35871572666571955,0.3780317396945803,0.8753177721284955,20038
Ghana_24858,Ghana,-9.229793548583984,0.001977335415905088,0.49173553719008267,0.001981384971444746,484,0.00011598909702487966,0.8571428571428571,0.00011599133931333127,7,nan,nan,nan,0,0.002498429131384459,0.4326424870466321,0.00250664185041202,386
Ghana_26376,Ghana,nan,nan,nan,nan,0,nan,nan,nan,0,nan,nan,nan,0,nan,nan,nan,0
Ghana_264787,Ghana,-9.079469680786133,0.0,nan,0.0,0,0.0,nan,0.0,0,nan,nan,nan,0,0.0,nan,0.0,0
Ghana_277,Ghana,nan,nan,nan,nan,0,nan,nan,nan,0,nan,nan,nan,0,nan,nan,nan,0
Ghana_308249,Ghana,-10.052871704101562,0.0628143190908011,0.790161892901619,0.06387991180645745,8030,0.05334337036652476,0.7530230853792598,0.05429326287978864,2729,0.9465597862391449,0.9819819819819819,0.9632902787219578,1443,0.04484251634264369,0.747100424328147,0.04553369769486733,3535
Ghana_313799,Ghana,-8.90455436706543,0.09153860226856934,0.6701265653251188,0.09585799950188709,14933,0.10290697674418604,0.6459854014598541,0.10905730129390019,274,nan,nan,nan,0,0.0878772579378436,0.6626480541455161,0.09199283554041754,14184
Ghana_319168,Ghana,-12.781179428100586,0.48944704216893314,0.5773892361023254,0.7626671122994653,39521,0.42388904613642797,0.5356606338078547,0.6701270807231072,13979,0.9591836734693877,0.9591836734693877,1.0,98,0.5238737917198614,0.588558314892222,0.8265899280575539,24402
Ghana_359826,Ghana,-9.429759979248047,0.022444954794204778,0.7520022883295194,0.022612330558040322,3496,0.07123070834982193,0.823170731707317,0.072337575351641,656,nan,nan,nan,0,0.018276522123242288,0.7258771929824561,0.018403543562466408,2736
Ghana_362274,Ghana,-10.810750007629395,0.1664943851900578,0.7718362012633413,0.1751130439079835,18364,0.18119680733783128,0.8806258036862409,0.18575949367088607,4666,0.88,0.9565217391304348,0.9166666666666666,46,0.1603249458961853,0.7333776595744681,0.17024816066130444,13536
Ghana_406026,Ghana,-11.25389289855957,0.04820949384658092,0.9681765389082462,0.04828600887406017,4305,0.01590427143289912,0.8885754583921015,0.015936053423721955,709,0.922384701912261,0.9969604863221885,0.924985899605189,1645,0.02895024936139156,0.9620048504446241,0.028983389351648885,1237
Ghana_45911,Ghana,-8.463825225830078,0.0,nan,0.0,0,0.0,nan,0.0,0,nan,nan,nan,0,0.0,nan,0.0,0
Ghana_495107,Ghana,-9.578140258789062,0.019684480938046683,0.630967416014145,0.019913744310074057,3959,0.02900833497407626,0.7403685092127303,0.029306458029439066,597,nan,nan,nan,0,0.018280158224725753,0.6099970068841665,0.018496333405939158,3341
Ghana_49890,Ghana,-9.830452919006348,0.0,nan,0.0,0,0.0,nan,0.0,0,nan,nan,nan,0,0.0,nan,0.0,0
Ghana_5079,Ghana,nan,nan,nan,nan,0,nan,nan,nan,0,nan,nan,nan,0,nan,nan,nan,0
Ghana_53713,Ghana,-9.999504089355469,0.0,nan,0.0,0,0.0,nan,0.0,0,nan,nan,nan,0,0.0,nan,0.0,0
Ghana_597288,Ghana,-9.707040786743164,0.04900259775117186,0.8984182776801406,0.049275613776351174,5690,0.03254951928645894,0.7982954545454546,0.032819434711516,352,1.0,1.0,1.0,160,0.04826547648926767,0.9002646041115409,0.048524942676277306,4913
Ghana_61925,Ghana,-9.229009628295898,0.0055830234084445415,0.9800307219662059,0.005583658609161401,651,0.019197385887879097,0.9447236180904522,0.019218973625025556,199,1.0,1.0,1.0,258,0.00011597564511452595,0.9230769230769231,0.00011597676598788043,13
Ghana_7496,Ghana,-9.164365768432617,0.0,nan,0.0,0,0.0,nan,0.0,0,nan,nan,nan,0,0.0,nan,0.0,0
Ghana_8090,Ghana,-9.32791519165039,4.497110606435365e-05,1.0,4.497110606435365e-05,4,0.0,nan,0.0,0,nan,nan,nan,0,0.0,nan,0.0,0
Ghana_83200,Ghana,-8.949789047241211,0.00750623663578047,0.6322701688555347,0.007539149888143176,533,0.012570477863018764,0.6476190476190476,0.01265704979060028,420,nan,nan,nan,0,0.0029080334423845873,0.5714285714285714,0.0029143897996357013,112
Ghana_83483,Ghana,nan,nan,nan,nan,0,nan,nan,nan,0,nan,nan,nan,0,nan,nan,nan,0
Ghana_866994,Ghana,-14.840733528137207,0.5486437488722967,0.6025705145747422,0.8597568364502969,105971,0.00910876942311127,0.00910876942311127,1.0,5599,0.6732236389609015,0.7565880226418684,0.8593522070344157,84092,0.011710862834836452,0.011713227869404241,0.9830508474576272,14855
Ghana_868803,Ghana,-14.80392837524414,0.5314109307426277,0.5365460843728957,0.9823085330825347,144051,0.5175530000189454,0.5250634273852541,0.9731058312257329,52028,0.922550432276657,0.9258020786262992,0.9962073324905183,11065,0.49047223448168437,0.4939796838843786,0.9857299384326411,76491
Ghana_887131,Ghana,-9.739238739013672,0.0753648894717476,0.7928535980148883,0.07687865722205113,10075,0.08738495863158874,0.749302510960542,0.0900167584390711,2509,nan,nan,nan,0,0.06942973111304203,0.8024487549869308,0.07063710234084551,7269
Ghana_895194,Ghana,-9.426769256591797,0.10509909563209544,0.9420489824077268,0.10578301119417438,8697,0.16444926825852532,0.9312053925455988,0.16647173489278752,5044,nan,nan,nan,0,0.07209634957815966,0.9575991189427313,0.07232724021045189,3632
Ghana_953791,Ghana,-10.231356620788574,0.00937425836563563,0.4274891774891775,0.009493442714884276,2772,0.0070669613314854355,0.4582995951417004,0.007126488882173705,1235,nan,nan,nan,0,0.013262026955729292,0.37799043062200954,0.01355790918897715,1463
Ghana_97059,Ghana,-8.626930236816406,0.0,nan,0.0,0,0.0,nan,0.0,0,0.0,nan,0.0,0,0.0,nan,0.0,0
Ghana_97516,Ghana,-11.04067325592041,0.009442302025546743,0.9559014267185474,0.009446416898447814,771,0.000336770115538055,1.0,0.000336770115538055,13,0.8235294117647058,0.978494623655914,0.8387096774193549,186,0.008393051334244207,0.9465408805031447,0.00839703174691737,318
India_1017769,India,-15.764141082763672,0.7720526588059009,0.8819885269453757,0.8609950664438609,98143,0.5561639289862287,0.6191355744366457,0.8453972257250946,5414,0.8040366447180074,0.9179835313344648,0.8662656891356443,79545,0.11898274296094459,0.16540404040404041,0.29772727272727273,792
India_1018317,India,-17.861040115356445,0.9159563191138375,0.9689469842744344,0.9436571480268047,150710,0.8186679630529898,0.891005291005291,0.9097784981091303,3780,0.920252363743511,0.9782312298479963,0.9394917983472829,108550,0.8469387755102041,0.8706293706293706,0.9688715953307393,286
India_1018327,India,-11.75068473815918,0.44496677506008764,0.6870037381647521,0.558109635803427,36649,0.362003597620036,0.586118827851958,0.48631868540411927,22318,0.9976162097735399,0.9976162097735399,1.0,839,0.34578107183580387,0.7094950282706181,0.40281160061988047,5129
India_103447,India,-13.128005981445312,0.5545555208540359,0.7240241687363309,0.7031970046082949,26977,0.1416928629642566,0.21991326346223347,0.28487827715355807,5534,0.7995293876924651,0.8940624642489418,0.8832005424648246,17482,0.11762133799737648,0.5735607675906184,0.12889314805941543,469
India_1050276,India,-10.917823791503906,0.3020286252656056,0.6149168452198756,0.37247994462367584,49005,0.27424381804951053,0.533450845284833,0.36077595549454516,37443,0.9369387755102041,0.976185413565809,0.9588554720133667,4703,0.1434733257661748,0.7085201793721974,0.15247285886610373,2676
India_1068117,India,-13.585525512695312,0.46884845835837474,0.5367806505421184,0.7874468540666197,47960,0.3224843741201644,0.372815154770042,0.7049049172256754,30723,0.8693766265956129,0.9207245045281534,0.9397186872069658,7619,0.596327833954231,0.7329517579721995,0.76185619581846,6115
India_1072277,India,-8.68214225769043,0.13211478229879858,0.8550075401401579,0.13514252464211102,22546,0.18105747762344154,0.8546446558477896,0.18681005045614393,21444,nan,nan,nan,0,0.010246802211273795,0.8703339882121808,0.010262469015683277,509
India_118868,India,-8.1640625,0.1215105288609487,0.7760411792232101,0.12592637589600292,10685,0.2572200100691107,0.821757566895745,0.2724188075618032,6839,nan,nan,nan,0,0.04937190878452313,0.6758538046734571,0.050569353537164886,3338
India_135434,India,-10.61341667175293,0.2,0.7588246702870443,0.21357606856269448,10312,0.08751487815573514,0.6428900138057985,0.091986567459011,2173,0.6520642924676961,0.7838605796552377,0.7950048030739674,5279,8.01538954793203e-05,0.2,8.017960230917254e-05,5
India_136196,India,-8.404802322387695,0.0,nan,0.0,0,0.0,nan,0.0,0,nan,nan,nan,0,0.0,nan,0.0,0
India_164336,India,-7.35135555267334,0.0105485363827701,0.89792663476874,0.010561200562763795,1881,0.01327798585664643,0.9151910531220876,0.013294343811767254,1073,nan,nan,nan,0,0.0071526564497027545,0.8628005657708628,0.0071608010705984555,707
India_166709,India,-8.774272918701172,0.0508886513212842,0.6893313723271863,0.05208315524934608,8839,0.06419405224954826,0.6503257834315854,0.06648902423550311,6446,nan,nan,nan,0,0.014225741628698196,0.7193158953722334,0.014305149853947421,994
India_177319,India,-7.80521297454834,0.010004094773944391,0.7896070975918885,0.010030833138781326,1578,0.03187171135053871,0.8548387096774194,0.032045145362019446,744,nan,nan,nan,0,0.0057049167753317484,0.7273838630806846,0.0057171408530550675,818
India_179238,India,-9.296951293945312,0.08619747876658777,0.694271911663216,0.08959843247275197,11592,0.10124062521903694,0.6925584963559647,0.10600478504014443,10428,nan,nan,nan,0,0.02066847147022074,0.6774744027303754,0.020873862979126138,586
India_180633,India,-15.444862365722656,0.8723169851460699,0.9092300991249026,0.9555290462187205,75763,0.32268012335295765,0.37663612565445026,0.6925391095066186,3056,0.9149328343619962,0.9466445134725132,0.9646795541879537,69215,0.3369384359400998,0.3685168334849864,0.797244094488189,1099
India_207862,India,-9.556855201721191,0.1952912326486535,0.8256134677572761,0.20369349180462507,21028,0.22679312894602127,0.836208252503539,0.23733630952380952,19073,1.0,1.0,1.0,5,0.058349395479236024,0.6819112627986348,0.05998198739117382,1465
India_244057,India,-6.278496742248535,5.3019458141137794e-05,0.8,5.302016091618838e-05,5,0.0,nan,0.0,0,nan,nan,nan,0,5.328005328005328e-05,0.8,5.3280762980525884e-05,5
India_25540,India,-8.19528579711914,0.09853804535512835,0.8886581884246042,0.09976980681255282,11559,0.18504275851965793,0.8971058238636364,0.18905519176800747,11264,nan,nan,nan,0,0.0021498833789676502,0.4774774774774775,0.0021549533432271444,222
India_265762,India,-8.374642372131348,0.08184780758286923,0.7888198757763976,0.08368143617285792,8533,0.10347436535589846,0.8058613738564119,0.10611969860943786,6449,nan,nan,nan,0,0.037900658820045896,0.6989761092150171,0.03852955563080859,1465
India_273873,India,-6.38555908203125,0.03143052971702732,0.47153874403231727,0.032578083373506206,5446,1.0,1.0,1.0,1,nan,nan,nan,0,0.021659651988190212,0.5160131697096678,0.022108799917925567,3341
India_285297,India,-10.790939331054688,0.26287234267136733,0.6916625006943288,0.29776651202831317,36006,0.28866238333201133,0.6827064377950787,0.3333893181054753,31983,nan,nan,nan,0,0.1563556457065585,0.7704053303720155,0.16399739968086993,3602
India_287642,India,-11.566070556640625,0.3407332660612176,0.7916713185218265,0.3742940089733439,17914,0.3525546814212847,0.798616097656505,0.386955971659919,15319,nan,nan,nan,0,0.29520901831845936,0.789572864321608,0.32041804741269436,1592
India_324254,India,-7.293335914611816,0.02821106654938954,0.9003347926860674,0.02829944307732159,3883,0.1361733693636412,0.9068454481298518,0.13810521790531463,2834,nan,nan,nan,0,0.00552443796516535,0.829971181556196,0.005530697290342404,694
India_373039,India,-7.916906356811523,0.010009236966035222,0.8760768721007289,0.01002342843711853,1509,0.0,nan,0.0,0,nan,nan,nan,0,0.004419177388542362,0.8807339449541285,0.004421823541604293,654
India_383430,India,-11.877185821533203,0.3216119584648739,0.43109513612725603,0.5587642491326615,39228,0.278756272754108,0.3700969985956432,0.5304001872220923,30619,0.5290858725761773,0.8967136150234741,0.5634218289085545,213,0.48492750599770523,0.6731827396466841,0.6342428376534789,6906
India_391908,India,-10.709068298339844,0.26682714852908995,0.6568163453768903,0.3100535827808555,25989,0.17847666275175084,0.5084892799603421,0.21568627450980393,16138,0.9332266178824605,0.9810096153846154,0.9503959012575687,4160,0.2605882352941176,0.7700999565406345,0.28257056290862703,2301
India_399883,India,-15.532535552978516,0.7793445324544149,0.8605200598714525,0.892027563546753,136292,0.5831387808041505,0.5937273027401783,0.9703248084601274,15145,0.8114911676158003,0.9148324967542093,0.8778066604541664,97819,0.6441394717944626,0.7237113402061855,0.8541953232462174,11155
India_44475,India,-7.034626007080078,0.0,nan,0.0,0,0.0,nan,0.0,0,nan,nan,nan,0,0.0,nan,0.0,0
India_500266,India,-9.67992877960205,0.22899163186932972,0.7152772321311647,0.2519581884104769,38181,0.25010651896037495,0.7055505901932382,0.27925444321106624,32447,0.25,0.7142857142857143,0.2777777777777778,7,0.1702286282306163,0.7902630364559299,0.1782832752069127,4334
India_533192,India,-13.5546875,0.7233653130593938,0.8316760706687633,0.8474316682375118,43244,0.25405092592592593,0.4255937954435288,0.3866138265081462,2063,0.7798968423701095,0.864847520995508,0.8881407409529813,35841,0.05057471264367816,0.11764705882352941,0.08148148148148149,187
India_534470,India,-8.345773696899414,0.057511840414106376,0.8788001076136669,0.05797165751200163,7434,0.07520150813887445,0.8790789659556435,0.07598754502716894,7079,1.0,1.0,1.0,8,0.003841459036404107,0.9224137931034483,0.003842700664392171,116
India_56450,India,-7.947237014770508,0.0007696451935657662,0.8536585365853658,0.0007697467533181584,82,0.022266401590457258,0.9032258064516129,0.022319649262654444,62,nan,nan,nan,0,0.00013576810807141402,0.6666666666666666,0.00013577732518669383,18
India_566697,India,-9.243650436401367,0.10383899211600174,0.7122766492288878,0.1083852825936379,14719,0.15410772578890097,0.7041093762137808,0.16477902812369336,12873,nan,nan,nan,0,0.013097052517372323,0.6401515151515151,0.013194191432883985,792
India_570384,India,-9.693318367004395,0.15111064625361173,0.79447346714325,0.15725811937902226,14548,0.1096888503191047,0.6932129798903108,0.11528522023334474,8752,0.9278113316077078,0.9901780233271946,0.9364296081277214,3258,0.043132716049382715,0.8318452380952381,0.04351210399315015,672
India_591317,India,-15.758337020874023,0.8914482572277763,0.9257885460237287,0.9600523783975484,114039,0.3228272532188841,0.3401639344262295,0.8636526731252242,7076,0.9624349739895959,0.9832890433360588,0.9784388507500635,97840,0.3356401384083045,0.47485536270583,0.5337668834417209,2247
India_591549,India,-8.160006523132324,0.06483381206401313,0.7718472950967975,0.06610059189934613,11054,0.09710135270207236,0.7715768293974372,0.09997530118828728,9443,0.8,0.9655172413793104,0.8235294117647058,58,0.013062134533675487,0.7791718946047679,0.01311067010091627,797
India_592446,India,-9.703206062316895,0.12906053747330168,0.8952896948252985,0.13103850075253679,9044,0.025283846961167828,0.8054711246200608,0.025439185946049728,329,0.8057395143487859,0.961068271581719,0.8329258353708231,5317,0.035590918836505704,0.8327759197324415,0.03584710991674065,1794
India_59460,India,-7.816461563110352,0.0028238548500187297,0.9333333333333333,0.0028244245475156594,315,0.1055699481865285,0.9421965317919075,0.10625814863102999,173,nan,nan,nan,0,0.0012289805313877727,0.9197080291970803,0.0012291124052559188,137
India_624341,India,-7.27193021774292,0.01949549035363738,0.8052109181141439,0.019587870007771766,3224,0.034923019151333085,0.8942307692307693,0.03506787330316742,104,nan,nan,nan,0,0.015245107537298973,0.7934651068979427,0.015305844544909854,2479
India_631692,India,-7.236639022827148,0.006352423560817658,0.9613466334164589,0.006354046480962584,802,0.003194888178913738,1.0,0.003194888178913738,1,nan,nan,nan,0,0.006257956781244317,0.9618805590851334,0.0062595091618707415,787
India_652725,India,-9.619363784790039,0.1640720724143499,0.7925671025464556,0.17143367539350152,21795,0.1658341527368076,0.7823478476001979,0.17385507724448843,16168,0.47692307692307695,0.8378378378378378,0.5254237288135594,74,0.10231353879562348,0.7561728395061729,0.10580411124546554,3240
India_664410,India,-9.714250564575195,0.09318545415325988,0.7665237320715659,0.09590764449049063,13526,0.06874170833758547,0.7060796645702306,0.07076670939003635,9540,1.0,1.0,1.0,4,0.07969924812030076,0.843501326259947,0.08089544645128466,754
India_691027,India,-8.146183013916016,0.059328813844793465,0.8392899690254944,0.060010562540461346,8394,0.07303261839196369,0.8055614973262032,0.07434313125530528,4675,nan,nan,nan,0,0.030252153095171472,0.8362698753760206,0.03043240284619595,2327
India_698338,India,-8.747406959533691,0.07377041578171228,0.8005233494363929,0.07515188163153469,9936,0.05400499839437052,0.7412801839785358,0.05504247719607815,5218,nan,nan,nan,0,0.007869249394673124,0.7809187279151943,0.007886660481050602,283
India_70352,India,-15.168294906616211,0.6900486223662885,0.8070973612374887,0.8263333592112414,13188,0.30494371023005384,0.4238095238095238,0.5209030100334449,1470,0.8840175368672778,0.9312806158152555,0.9457077885162024,7145,0.4576509124941507,0.5866826634673066,0.675414364640884,1667
India_707886,India,-9.013925552368164,0.062120923349440006,0.9775935074100212,0.06220949814752442,5668,0.01866647976824596,0.9720194647201946,0.018676515275472757,822,0.8849469496021221,0.9888847721378288,0.8938379102478232,2699,0.025446525943339068,0.9554140127388535,0.02547677973504149,1099
India_73419,India,-8.3035249710083,0.0506175316568575,0.7263275751759437,0.05160168634447336,6252,0.048669554969042045,0.7506400409626216,0.049469368472557326,3906,nan,nan,nan,0,0.04438836104513064,0.6600441501103753,0.04542692190823458,1812
India_747970,India,-7.8485565185546875,0.0480858571622454,0.9199121230277612,0.04828800872245403,5007,0.038679984332158246,0.9080459770114943,0.03883208808493905,870,0.931129476584022,1.0,0.931129476584022,338,0.03288705312633528,0.9284278246883796,0.032970641992232125,2487
India_747992,India,-12.332195281982422,0.5021681641860429,0.5616423177238711,0.8258510051636838,117322,0.5117378160572997,0.5612432751255608,0.8529751314055984,111898,1.0,1.0,1.0,3,0.3441434566959176,0.6045576407506702,0.4441161989167898,1492
India_764946,India,-7.884300708770752,0.02641420161415066,0.9227590591226955,0.026472733904796646,3146,0.27411167512690354,0.7714285714285715,0.2983425414364641,140,0.9051204819277109,0.9901153212520593,0.9133738601823708,607,0.01912329322076033,0.9157848324514991,0.019156982106622394,2268
India_769408,India,-9.33530330657959,0.10026948124859646,0.8324399906781635,0.10233490903881966,8582,0.10454794306272486,0.8197148551280086,0.10700848543067563,6523,0.7054794520547946,0.9856459330143541,0.71280276816609,209,0.029800129879500686,0.7375,0.030119603267211203,560
India_772630,India,-7.047218322753906,0.015175307309173883,0.9197026022304833,0.015195440139547453,1345,0.1095890410958904,1.0,0.1095890410958904,16,0.7647058823529411,1.0,0.7647058823529411,26,0.006132512327601311,0.9074074074074074,0.006136352251665581,540
India_773682,India,-9.316156387329102,0.196513470681458,0.7089376271843406,0.21375978807121432,30959,0.21601254246145807,0.699746063991874,0.23807987835082425,29535,0.0,nan,0.0,0,0.044274809160305344,0.8541374474053296,0.0446121163284741,713
India_774689,India,-10.382150650024414,0.19358049265986563,0.7466012688596257,0.20719347822870585,18757,0.17472823562203846,0.7272235112142305,0.18698297804645245,12930,0.45912653975363943,0.57991513437058,0.6879194630872483,707,0.2352185875878936,0.8608189751622287,0.2445178923282273,4469
India_79637,India,-7.973498344421387,0.02734466192389448,0.8617618586640852,0.027465136369245958,5165,0.02518986127701872,0.8680889423076923,0.02528665207877462,3328,nan,nan,nan,0,0.020482368381419567,0.8060965283657917,0.020583783783783782,1181
India_80221,India,-17.915512084960938,0.8907692435757631,0.9345274483433182,0.9500594847026653,114506,0.7892016082711085,0.8053927315357562,0.9751596877217885,1706,0.9005709348620533,0.9423241380995431,0.9531064650059312,81854,0.3614457831325301,0.37344398340248963,0.9183673469387755,241
India_804466,India,-9.990697860717773,0.325549042884701,0.6988532292745082,0.37867052147834906,50228,0.34416817510466524,0.681023116814626,0.41031072511352656,45508,0.8561076604554866,0.9271300448430493,0.9178690344062154,892,0.08566680515164105,0.8111723052714398,0.0874099194573972,1271
India_828067,India,-8.311444282531738,0.07333115697583034,0.8671718615956534,0.07416420064075913,6994,0.06944207957318804,0.8250168577208361,0.0704801405570437,2966,nan,nan,nan,0,0.04382655675096642,0.8827392120075047,0.04408320059964396,2132
India_833266,India,-8.465150833129883,0.11750935947733743,0.7889059248713175,0.12132414861723986,18262,0.14662983544181346,0.7903365969526679,0.15256436064327092,17261,1.0,1.0,1.0,6,0.022447214815882396,0.7616136919315404,0.022606045212090423,818
India_842775,India,-8.568574905395508,0.03401680672268908,0.7680890538033395,0.034369811320754715,5929,0.038417301455615054,0.7589867759359284,0.03889175208536143,5369,nan,nan,nan,0,0.010874938210578349,0.88,0.01089108910891089,325
India_869358,India,-9.249366760253906,0.03280051248417552,0.8516831683168317,0.032988947437047944,5050,0.023960591480286928,0.8138281951511523,0.024092649039483945,3341,0.6,1.0,0.6,3,0.00967571244992063,0.920863309352518,0.009683764563474051,139
India_900498,India,-13.965452194213867,0.7702036253643996,0.8504594483392899,0.890850396761681,123953,0.3872808121486702,0.45232729054385107,0.7292259083728279,10205,0.8170829098301147,0.895274838914963,0.9034316676700783,100568,0.14416896235078053,0.25363489499192243,0.2503987240829346,619
India_91379,India,-9.623762130737305,0.18349249085019562,0.7369399202541056,0.1963536508508148,29594,0.18022967039516818,0.724995004995005,0.1934551735903779,25025,0.8885941644562334,0.9824046920821115,0.9029649595687331,341,0.09588614169956368,0.8538390379278445,0.09748626953950149,1081
India_943439,India,-13.885713577270508,0.5376690044103825,0.6247978323426243,0.7940524812471638,47609,0.48879759109931614,0.5796816366057378,0.7571445511680304,33044,0.8585388552815263,0.9567021000777807,0.8932461873638344,3857,0.5559676002732508,0.6202504082743604,0.8428761651131824,9185
India_952728,India,-8.777349472045898,0.0489572597092169,0.7635088919288646,0.0497110856277625,5848,0.05320155176904413,0.750822209324821,0.054157770614420675,5169,0.7619047619047619,1.0,0.7619047619047619,64,0.010138805069402535,0.7088607594936709,0.01018120113932489,237
India_956930,India,-10.08167552947998,0.2758145075338028,0.6583200319233838,0.3218945879368796,40096,0.24358559799800364,0.5964815643612077,0.2916442230002693,29047,0.9707112970711297,0.9818621523579202,0.9884357881923311,1654,0.30464035884017726,0.765360880064395,0.33602308870302744,7454
India_979278,India,-10.767901420593262,0.19238348183687456,0.8260069891484274,0.2005089740155371,5437,0.06167209554831705,0.6214442013129103,0.06407942238267147,1371,0.7728490622208991,0.9752066115702479,0.7883389006984513,2662,0.15501519756838905,0.699228791773779,0.16608996539792387,1167
India_981708,India,-8.3984375,0.08446148440567969,0.7899671370578001,0.0864017422007971,10346,0.1369602702607594,0.7912981600081326,0.14209306146291598,9837,nan,nan,nan,0,0.0077034183919114105,0.7396593673965937,0.00772436223193414,411
Pakistan_1027214,Pakistan,-12.129264831542969,0.36762385003271875,0.8002094679514035,0.40477653690478715,23870,0.11015677118078719,0.5096450617283951,0.12321611789944968,2592,0.6859788673869168,0.841231709980345,0.7879986362086601,13737,0.38,0.5202086049543677,0.5850439882697948,767
Pakistan_1036366,Pakistan,-13.255658149719238,0.4066853154756859,0.6348079213161029,0.5308915200472133,22673,0.16648036366346225,0.3942121051702841,0.22371319847786902,5667,0.6550863900951677,0.7852475357182412,0.7980639351643404,9029,0.07941929974380871,0.1413373860182371,0.15346534653465346,658
Pakistan_132143,Pakistan,-9.18815803527832,0.0,nan,0.0,0,0.0,nan,0.0,0,nan,nan,nan,0,0.0,nan,0.0,0
Pakistan_167553,Pakistan,-10.350055694580078,0.007228121567191505,0.676954732510288,0.007253139720309526,1458,0.0,nan,0.0,0,nan,nan,nan,0,0.003210741389375365,0.9166666666666666,0.003211678832116788,12
Pakistan_210595,Pakistan,-10.707853317260742,0.0,nan,0.0,0,0.0,nan,0.0,0,nan,nan,nan,0,0.0,nan,0.0,0
Pakistan_211386,Pakistan,-9.584803581237793,0.03760098407526846,0.8244642076104388,0.037904431232446995,6859,0.06728676034039184,0.96045197740113,0.0674737051002183,354,nan,nan,nan,0,0.012039824033341051,0.5048543689320388,0.01218369259606373,103
Pakistan_246510,Pakistan,-12.961881637573242,0.09649001906599591,0.7821431896471465,0.09915492292802681,10741,0.0013957439922323812,0.2827868852459016,0.001400702381194048,244,0.8213751868460388,0.8332069749810462,0.983005366726297,1319,0.08374384236453201,0.5,0.0913978494623656,102
Pakistan_246718,Pakistan,-10.878301620483398,0.16471582505810267,0.8909035502056987,0.1681066083981427,13126,0.0323314073548737,0.6545608108108109,0.03289264265857437,2368,0.8770837963991999,0.9487857658090887,0.9206719552029865,4159,0.0762133975130365,0.8225108225108225,0.07748776508972267,231
Pakistan_336228,Pakistan,-8.856443405151367,0.0,nan,0.0,0,0.0,nan,0.0,0,nan,nan,nan,0,0.0,nan,0.0,0
Pakistan_35915,Pakistan,-14.203540802001953,0.7066063841047586,0.8934819601919657,0.7716059575311252,52301,0.23149921643740207,0.6109834558823529,0.2715204738078219,4352,0.8715388791699342,0.9124640793254808,0.9510565466394576,31667,0.20065789473684212,0.6559139784946236,0.22426470588235295,93
Pakistan_366265,Pakistan,-9.586712837219238,0.0,0.0,0.0,2,0.0,0.0,0.0,2,nan,nan,nan,0,0.0,nan,0.0,0
Pakistan_401863,Pakistan,-12.318536758422852,0.02951421054581836,0.9584837545126353,0.029551989611353306,3324,4.398053128481792e-05,0.6,4.3981820847383085e-05,5,0.8615131578947368,0.9812663919070813,0.8759197324414716,2669,0.002828054298642534,0.5714285714285714,0.0028340654669122855,105
Pakistan_43105,Pakistan,-11.013938903808594,0.000531591737545565,0.2066420664206642,0.0005326788992571032,271,0.0010485037850986641,0.2074688796680498,0.0010527202290719218,241,nan,nan,nan,0,0.00022179506136330032,0.13043478260869565,0.0002221235006663705,23
Pakistan_474121,Pakistan,-12.520153045654297,0.12660620403754824,0.8963229506353312,0.1284878379031868,8893,0.0,nan,0.0,0,0.6820238957277335,0.9512687791945461,0.7067154380041268,7921,0.0013188262446422684,0.05860805860805861,0.0013473684210526316,273
Pakistan_528249,Pakistan,-8.428533554077148,0.0,nan,0.0,0,0.0,nan,0.0,0,nan,nan,nan,0,0.0,nan,0.0,0
Pakistan_548910,Pakistan,-9.775166511535645,0.020642123287671232,0.7010758941552777,0.02082541547178938,3439,0.04589030631731724,0.7011963816749344,0.04680560966108298,3427,nan,nan,nan,0,0.0,nan,0.0,0
Pakistan_65724,Pakistan,-9.240050315856934,0.0,nan,0.0,0,0.0,nan,0.0,0,nan,nan,nan,0,0.0,nan,0.0,0
Pakistan_664885,Pakistan,-12.144936561584473,0.09081050686802153,0.9488040285354595,0.09125766871165644,2383,0.0,nan,0.0,0,0.31220657276995306,0.9488040285354595,0.3175561797752809,2383,0.0,nan,0.0,0
Pakistan_667363,Pakistan,-10.470413208007812,0.01920398009950249,0.7916324856439705,0.01930154412352988,1219,0.00030921459492888067,0.06349206349206349,0.0003106313582356139,63,nan,nan,nan,0,0.0,0.0,0.0,1
Pakistan_694942,Pakistan,-13.502567291259766,0.23095516362090948,0.9409663979221904,0.23435078498753453,18481,0.4174616941312518,0.9439965134016125,0.4280632411067194,18356,nan,nan,nan,0,0.016355140186915886,0.25925925925925924,0.01715686274509804,27
Pakistan_70625,Pakistan,-11.802538871765137,0.04443622464706245,0.77223055496036,0.04502636116039079,4667,0.0009571150699311494,0.543859649122807,0.0009578840033371442,57,0.49565508021390375,0.9362373737373737,0.5129712902109996,1584,0.011252813203300824,0.5555555555555556,0.011355034065102196,27
Pakistan_712873,Pakistan,-9.00236701965332,0.021003159249580718,0.8183890577507599,0.021101510609533886,1316,0.023480100919671197,0.8081232492997199,0.023611736301510006,714,nan,nan,nan,0,0.018587110243114015,0.968421052631579,0.018598382749326146,285
Pakistan_740461,Pakistan,-12.534856796264648,0.0,nan,0.0,0,0.0,nan,0.0,0,nan,nan,nan,0,0.0,nan,0.0,0
Pakistan_760290,Pakistan,-11.652168273925781,0.0,nan,0.0,0,0.0,nan,0.0,0,nan,nan,nan,0,0.0,nan,0.0,0
Pakistan_849790,Pakistan,-11.19805908203125,0.3576309547126287,0.38237894687856294,0.8467602730903001,171908,0.35817787418655095,0.3832940258872031,0.8453473132372215,161547,0.1826086956521739,0.19534883720930232,0.7368421052631579,215,0.3583077987545715,0.3737498711207341,0.896611427158051,9699
Pakistan_909806,Pakistan,-7.791465759277344,0.021093673847353542,0.7652050919377652,0.021231089221592135,1414,0.02202915064330817,0.8888888888888888,0.022089978576529397,1044,nan,nan,nan,0,0.0017584994138335288,0.6,0.0017605633802816902,5
Pakistan_94095,Pakistan,-14.164077758789062,0.5393891679788059,0.8057909868199977,0.6199887961619672,53566,0.4125915553640672,0.7214426970524531,0.49077514413837287,10619,0.6075380359612724,0.8528022262490292,0.6787103087739177,30904,0.43719806763285024,0.6464285714285715,0.5746031746031746,280
Pakistan_9684,Pakistan,-8.210244178771973,0.023700579862941485,0.939799331103679,0.023736616476252824,1196,0.0030695770804911324,0.9618320610687023,0.0030699510269717126,131,nan,nan,nan,0,0.0,nan,0.0,0
Paraguay_1019808,Paraguay,-9.591289520263672,0.026532648151097772,0.6121856866537717,0.026986238297436946,5170,0.005401234567901234,0.7,0.005413766434648105,10,1.0,1.0,1.0,5,0.026713262870780772,0.610202492211838,0.027177023534920828,5136
Paraguay_1029042,Paraguay,-16.242931365966797,0.9115014490897154,0.930208997173064,0.9784125674607267,61197,0.8062111801242235,0.878213802435724,0.9076923076923077,1478,0.9603399973318595,0.964401913875598,0.9956333603366857,52250,0.585065114990302,0.6665088383838383,0.8272282076395691,6336
Paraguay_1029191,Paraguay,-15.934075355529785,0.897016621405597,0.9252622377622378,0.9670881870470732,50336,0.8995471387402223,0.914608622854751,0.9820224719101124,2389,0.9588380844373421,0.9629332436000311,0.9955842209495263,38633,0.6347075743048898,0.74261498192696,0.8137121005189839,8023
Paraguay_1056717,Paraguay,-11.296937942504883,0.040398487189452034,0.8446294094332144,0.0407009501981569,5046,0.0017667844522968198,1.0,0.0017667844522968198,1,0.779951690821256,0.9624441132637854,0.8044344793223717,3355,0.00766501064584812,0.5470332850940666,0.007713970858332313,1382
Paraguay_1076204,Paraguay,-10.729223251342773,0.027648477370870957,0.9765599207659293,0.02766683814244961,3029,0.009713338071547027,0.9761904761904762,0.00971563981042654,42,0.6174165457184325,0.9874651810584958,0.6222937390286717,2154,0.0065503962836943016,0.9386861313868613,0.006553200163065634,685
Paraguay_11869,Paraguay,-11.01485824584961,0.0018845518380834366,0.9864864864864865,0.0018846004905124563,222,0.0001686015704031986,1.0,0.0001686015704031986,7,0.0,nan,0.0,0,0.001999673522690173,0.98,0.00199975513202465,150
Paraguay_126224,Paraguay,-10.861757278442383,0.28185673327446553,0.35814713745480736,0.569556118515255,144382,0.20809248554913296,0.41522491349480967,0.294358135731807,867,0.7938311688311688,0.9123134328358209,0.859402460456942,1072,0.2796713734987946,0.3535430140372313,0.5723721607057594,142407
Paraguay_12870,Paraguay,-10.607793807983398,0.0,nan,0.0,0,0.0,nan,0.0,0,nan,nan,nan,0,0.0,nan,0.0,0
Paraguay_148318,Paraguay,-9.951617240905762,0.017956063135528912,0.8492597577388964,0.018013474421437272,2229,0.0,nan,0.0,0,nan,nan,nan,0,0.017811704834605598,0.8343132014965259,0.017874932725669593,1871
Paraguay_149787,Paraguay,-16.088150024414062,0.8888103191826583,0.9092065550871766,0.9753819806802065,40091,0.9379243452958292,0.9650698602794411,0.9708835341365462,1002,0.9567396955068697,0.9599776446114199,0.9964869307377445,32207,0.5501230012300123,0.6212884181281473,0.8276659727041407,5759
Paraguay_149830,Paraguay,-9.727275848388672,0.01558448773983258,0.8825380178290508,0.01561688070670329,1907,0.07692307692307693,1.0,0.07692307692307693,8,0.0,nan,0.0,0,0.015402030098907013,0.8815719596388741,0.015433964018409185,1883
Paraguay_153941,Paraguay,-11.034783363342285,0.004712276852498255,0.8845553822152886,0.004715176715176715,641,0.0049637029223800954,0.7692307692307693,0.004971105449574349,104,nan,nan,nan,0,0.0010121358987085535,0.8739495798319328,0.0010122836730323736,119
Paraguay_172476,Paraguay,-10.182838439941406,0.02391108036966588,0.8841918294849023,0.02398619998458099,2815,0.0024679170779861796,1.0,0.0024679170779861796,5,0.813953488372093,1.0,0.813953488372093,35,0.023048075679654625,0.8766553159288687,0.023123060187818727,2643
Paraguay_179624,Paraguay,-9.457437515258789,0.0003461247688706313,0.9047619047619048,0.00034613738010438774,42,0.0,nan,0.0,0,nan,nan,nan,0,0.0001194006089431056,0.9230769230769231,0.00011940179699704481,13
Paraguay_191503,Paraguay,-10.652362823486328,0.0004408019329981062,0.6,0.0004409315086389914,90,0.00036539023677287344,1.0,0.00036539023677287344,10,nan,nan,nan,0,0.00034820778508193437,0.5689655172413793,0.000348299664365778,58
Paraguay_198534,Paraguay,-10.607455253601074,0.0,nan,0.0,0,0.0,nan,0.0,0,0.0,nan,0.0,0,0.0,nan,0.0,0
Paraguay_205585,Paraguay,-10.181965827941895,0.0,nan,0.0,0,0.0,nan,0.0,0,nan,nan,nan,0,0.0,nan,0.0,0
Paraguay_212687,Paraguay,-10.000938415527344,0.02800030931023817,0.2365429840606219,0.030782178470327205,15308,0.046153846153846156,0.75,0.046875,4,1.0,1.0,1.0,6,0.02776939329912466,0.23490899567893153,0.030530713659686355,15274
Paraguay_215904,Paraguay,-10.474502563476562,0.0,nan,0.0,0,0.0,nan,0.0,0,nan,nan,nan,0,0.0,nan,0.0,0
Paraguay_224845,Paraguay,-8.927558898925781,0.0,nan,0.0,0,0.0,nan,0.0,0,nan,nan,nan,0,0.0,nan,0.0,0
Paraguay_225187,Paraguay,-12.173620223999023,0.00033147378888645967,1.0,0.00033147378888645967,47,0.00023809145886573228,1.0,0.00023809145886573228,30,nan,nan,nan,0,0.0004106776180698152,1.0,0.0004106776180698152,6
Paraguay_232281,Paraguay,-9.41081428527832,0.10314323790266991,0.45799891171269214,0.11748335935932443,29404,0.011842105263157895,0.8571428571428571,0.011865524060646011,21,nan,nan,nan,0,0.10422915068238357,0.457713643943777,0.11891351824507732,29383
Paraguay_24341,Paraguay,-15.625158309936523,0.8847939515027813,0.9005603265401665,0.9805970624780961,68353,0.8214711729622266,0.8401789345262302,0.9736098020735156,2459,0.9781900031046259,0.979501428099559,0.9986331491056041,51467,0.560988050131157,0.6082319481750672,0.8783799201369081,12658
Paraguay_246154,Paraguay,-10.619319915771484,0.00029282576866764275,1.0,0.00029282576866764275,36,0.0,nan,0.0,0,nan,nan,nan,0,0.00012450095865738166,1.0,0.00012450095865738166,15
Paraguay_247656,Paraguay,-15.995851516723633,0.8923906092993514,0.9314454614797865,0.9551231912397341,20976,0.0,0.0,0.0,1,0.9595401837257166,0.9668200900308532,0.9922138593303919,19771,0.22038420490928495,0.3482293423271501,0.3751135331516803,1186
Paraguay_252217,Paraguay,-10.872729301452637,0.0023209933851688525,0.8666666666666667,0.002321822452023111,300,0.0012391573729863693,0.7166666666666667,0.0012397647330181063,60,nan,nan,nan,0,0.0002345798261349524,0.68,0.00023460572437967488,25
Paraguay_271769,Paraguay,-12.352975845336914,0.01666926057289832,0.778798316111749,0.016748557648782334,2613,0.001234716617478769,0.5189873417721519,0.0012361312108055958,237,0.7301293900184843,0.891647855530474,0.8012170385395537,1329,0.0151246901714806,0.551660516605166,0.015312916111850865,542
Paraguay_280900,Paraguay,-10.487277030944824,0.054536699315601816,0.8083523158694002,0.05525108467750306,6585,0.0,nan,0.0,0,0.9073668854850474,0.9628482972136223,0.9402872260015117,2584,0.01987608859556148,0.6253007906497078,0.020115673416125714,2909
Paraguay_284928,Paraguay,-9.199925422668457,0.0,nan,0.0,0,0.0,nan,0.0,0,nan,nan,nan,0,0.0,nan,0.0,0
Paraguay_305760,Paraguay,-8.11545467376709,0.0780601850305601,0.2668584869037017,0.09937074829931973,43791,0.0,nan,0.0,0,0.0,nan,0.0,0,0.07808104767313667,0.2668584869037017,0.09940455937393672,43791
Paraguay_339807,Paraguay,-15.934185028076172,0.8546121981611827,0.8743862308977827,0.9742201746808715,58043,0.7381064531323599,0.7566393046837276,0.967881408276714,2071,0.9631178349934223,0.966705965574157,0.9961609485858685,42410,0.5372996300863132,0.5859808371154815,0.8660869565217392,11898
Paraguay_34417,Paraguay,nan,nan,nan,nan,0,nan,nan,nan,0,nan,nan,nan,0,nan,nan,nan,0
Paraguay_36015,Paraguay,-11.246261596679688,0.0,nan,0.0,0,0.0,nan,0.0,0,nan,nan,nan,0,0.0,nan,0.0,0
Paraguay_36146,Paraguay,-10.899080276489258,0.0,nan,0.0,0,0.0,nan,0.0,0,nan,nan,nan,0,0.0,nan,0.0,0
Paraguay_403081,Paraguay,-10.16113567352295,0.010657819132175493,0.956738768718802,0.010662957811775614,1202,0.0,nan,0.0,0,0.9083710407239819,0.9950433705080545,0.9125,807,0.002597428446319812,0.8446601941747572,0.002598669799673424,309
Paraguay_40936,Paraguay,-10.971930503845215,0.0,nan,0.0,0,0.0,nan,0.0,0,nan,nan,nan,0,0.0,nan,0.0,0
Paraguay_44682,Paraguay,-9.497734069824219,0.009068264330950947,0.851031321619557,0.009082681755550302,1309,0.0,nan,0.0,0,nan,nan,nan,0,0.009112257723093207,0.8503086419753086,0.00912689867651687,1296
Paraguay_470303,Paraguay,-9.035955429077148,0.0661902971041745,0.8255791690599272,0.06712903502012159,10446,0.11279682252868077,0.8800372389945471,0.11455826595799934,7519,0.9230769230769231,1.0,0.9230769230769231,12,0.028378649399765064,0.6833390824422214,0.028756822668679596,2899
Paraguay_482517,Paraguay,-15.570261001586914,0.9045511619769045,0.9260726629014583,0.9749517449470858,47452,0.336734693877551,0.65625,0.4088495575221239,352,0.9751257817275591,0.9763193823266324,0.9987478327875169,42482,0.421881308033912,0.49026507154585974,0.7515282272563826,4263
Paraguay_48673,Paraguay,-11.00472640991211,0.001071383019429446,0.9473684210526315,0.0010714467933128115,133,0.00023216669568750363,1.0,0.00023216669568750363,8,nan,nan,nan,0,0.0009775887772808369,0.9411764705882353,0.0009776485109191117,85
Paraguay_511199,Paraguay,-9.465154647827148,0.08690711595071714,0.8413894663894664,0.08835461921915366,11544,0.04838709677419355,1.0,0.04838709677419355,3,nan,nan,nan,0,0.086889109957967,0.8411417664410897,0.08833873965812589,11526
Paraguay_54421,Paraguay,-10.72442626953125,0.0003134744518321757,0.95,0.00031347962382445143,40,0.0011263243110063003,0.9696969696969697,0.0011263639563533967,33,nan,nan,nan,0,6.515506906437321e-05,0.8571428571428571,6.515577660256062e-05,7
Paraguay_581976,Paraguay,-10.749414443969727,0.31088456749176646,0.35956901251102036,0.6966113407304066,148589,0.11784511784511785,0.22012578616352202,0.2023121387283237,318,nan,nan,nan,0,0.3115540919282511,0.3598680793951616,0.6988513575460701,148271
Paraguay_59731,Paraguay,-9.827909469604492,0.030051598233416417,0.9924187725631769,0.030058498715215133,2770,0.0,nan,0.0,0,0.6409210142815506,0.9968268359020852,0.642231308411215,2206,0.004273553367720886,0.9637305699481865,0.004274240805211816,386
Paraguay_605682,Paraguay,-10.533464431762695,0.36786522504400304,0.6787513255567338,0.44541579679888654,75440,0.4335922330097087,0.814963503649635,0.4809390480292914,2740,nan,nan,nan,0,0.3653599355339342,0.6736136904516253,0.4439518395619141,72693
Paraguay_62897,Paraguay,-9.20877742767334,0.18338536193360944,0.5768557678284965,0.2118885426803682,41142,0.03674745895230649,0.9038461538461539,0.036891679748822605,52,0.9285714285714286,1.0,0.9285714285714286,13,0.18501606761691047,0.576204738597901,0.21415836297322002,41067
Paraguay_648632,Paraguay,-9.876214981079102,0.059675744618227305,0.39681417853647927,0.0656290461804057,18394,0.0010416666666666667,1.0,0.0010416666666666667,1,1.0,1.0,1.0,42,0.05895145952203754,0.39118744512730463,0.06490645058496836,18224
Paraguay_651904,Paraguay,-16.57202911376953,0.7102176370830978,0.7402415672411253,0.9459764705882353,27156,1.0,1.0,1.0,2,0.9452531173928164,0.981177805280528,0.9627099777373002,19392,0.08445548437704276,0.08869971165728409,0.6383399209486166,7283
Paraguay_657443,Paraguay,-16.103588104248047,0.9017089528725112,0.9249545972235048,0.97288459359267,64974,0.9596050269299821,0.9648014440433214,0.9944186046511628,3324,0.9551960321209259,0.958773884595325,0.9961084702347233,42182,0.7698083486479391,0.832396525293817,0.9110172124526191,17613
Paraguay_683296,Paraguay,-10.946812629699707,0.07367153797277864,0.8920232150087731,0.07433443183479738,7409,0.9829231541938724,1.0,0.9829231541938724,1957,1.0,1.0,1.0,1068,0.0369644617079251,0.7993981945837513,0.03731055064661478,3988
Paraguay_721886,Paraguay,-10.758292198181152,0.08318612193776931,0.8152422826783915,0.08478451396562893,10917,0.3348623853211009,1.0,0.3348623853211009,73,0.9204712812960235,0.9920634920634921,0.9272997032640949,630,0.07138237364226065,0.79,0.07276305711487935,9500
Paraguay_76868,Paraguay,-15.412399291992188,0.7137695355012842,0.9272182322004184,0.7561335546947058,17683,0.2709262010896483,0.9358426005132592,0.27605349482715114,1169,0.9749387303344138,0.978341927806426,0.9964447317388494,12605,0.4939066852367688,0.7533191715347849,0.5892004153686397,3766
Paraguay_7894,Paraguay,-9.624715805053711,0.0,nan,0.0,0,0.0,nan,0.0,0,nan,nan,nan,0,0.0,nan,0.0,0
Paraguay_790830,Paraguay,-15.706779479980469,0.9132503105778262,0.943437568472783,0.9661495063469676,31947,0.3390804597701149,0.5619047619047619,0.4609375,105,0.9720969264659604,0.9741065171688857,0.9978822684852836,28540,0.5250183060776178,0.6785488958990537,0.6988304093567251,3170
Paraguay_791364,Paraguay,-9.233670234680176,0.0077636843449391335,0.7562189054726368,0.007783163787806377,1206,0.0,nan,0.0,0,nan,nan,nan,0,0.007792540692955099,0.7562189054726368,0.007812165391764676,1206
Paraguay_792268,Paraguay,-10.673843383789062,0.009255340387302856,0.8610698365527489,0.00926918216862074,1346,0.001600640256102441,0.8888888888888888,0.0016009605763458075,18,0.616729088639201,0.9481765834932822,0.6382428940568475,521,0.0048134777376654635,0.7819548872180451,0.004819947165963758,665
Paraguay_795075,Paraguay,-10.09394645690918,0.02422561094128249,0.8015200233849752,0.02437181686472842,3421,0.0,nan,0.0,0,0.8674089068825911,0.9988344988344988,0.8682877406281662,1716,0.00750049942792801,0.5502998001332445,0.007546756082630584,1501
Paraguay_80102,Paraguay,-10.06619644165039,0.00016543770088863678,0.9545454545454546,0.00016543900421475558,22,0.0,nan,0.0,0,nan,nan,nan,0,8.266649031148733e-05,0.9090909090909091,8.266717369199865e-05,11
Paraguay_822142,Paraguay,-16.149328231811523,0.8682732973603616,0.8909465020576132,0.9715253130991719,80190,0.894325290437891,0.9036117381489842,0.988639170165473,4430,0.9740386007736704,0.978308747143154,0.9955388291012115,48130,0.6353591160220995,0.6877674012053181,0.8929104700471839,21737
Paraguay_868895,Paraguay,-11.949111938476562,0.2885968605280568,0.607905238487363,0.35460390186225244,15787,0.39705882352941174,0.9642857142857143,0.40298507462686567,28,0.6431473956409309,0.9661487236403996,0.6579743008314437,3604,0.19650108155288223,0.46256923351795604,0.2546348659945906,11194
Paraguay_892933,Paraguay,-9.987768173217773,0.053844164596541,0.2585999247271359,0.06367343156333982,26570,0.03229156364355652,0.5498947368421052,0.033168253968253965,2375,nan,nan,nan,0,0.0652751958961809,0.22957874699991723,0.08358442810654454,24166
Paraguay_896458,Paraguay,-15.31356430053711,0.9060163053180728,0.9264893811233493,0.9761909850605912,49299,0.8527236045729657,0.8823938761308281,0.9620637329286799,1437,0.977258883248731,0.980073306958343,0.9970701390944067,34376,0.7316165742632039,0.7865882352941177,0.9128060435059616,12750
Paraguay_913449,Paraguay,-10.616992950439453,0.03789960572803769,0.8049664672829436,0.038250848391931234,5517,0.006261958601495913,0.9,0.006266318537859008,40,0.6622734761120264,0.9105322763306908,0.7083700440528634,883,0.020356495581173743,0.7260913028990337,0.020514027490114856,3001
Paraguay_921838,Paraguay,-10.183795928955078,0.03047295468895637,0.5515646258503402,0.031247109603823032,7350,0.008366262970663882,0.9988235294117647,0.008366345414769704,850,1.0,1.0,1.0,9,0.08365648731620617,0.38616446019019207,0.09648714125978382,5363
Paraguay_934240,Paraguay,-8.269012451171875,0.06686689981485291,0.3991551232930543,0.07435059884896562,20358,0.0,nan,0.0,0,nan,nan,nan,0,0.06745639740003155,0.3991551232930543,0.07508015263649047,20358
Paraguay_989230,Paraguay,-16.113927841186523,0.834955021112539,0.8700500122981061,0.9539162222089052,36591,0.3622448979591837,0.42685370741482964,0.7052980132450332,499,0.9470998841831784,0.9527363184079602,0.9937922879852854,31758,0.2098547310561445,0.2720794095189616,0.4785138764547896,3929
Paraguay_997480,Paraguay,-10.521698951721191,0.14054332688238166,0.7791146538326565,0.14637569227291564,19947,0.06860789788591942,0.9885057471264368,0.0686626746506986,174,0.944954128440367,0.9809523809523809,0.9626168224299065,315,0.13986749297452217,0.7736373462350096,0.14583575891644351,19429
Somalia_1068756,Somalia,-14.115978240966797,0.04918950872717091,0.4868360277136259,0.05187944018769791,6495,0.0850012287360402,0.4892346377494892,0.09327899799238906,6363,nan,nan,nan,0,0.0019648728847541904,0.3712121212121212,0.001971434319050493,132
Somalia_1087508,Somalia,-13.100879669189453,0.08767803475761139,0.8035126234906695,0.08959907418741028,10021,0.11911879184181846,0.8154108494085047,0.122419917437358,9383,0.2956521739130435,0.6071428571428571,0.3655913978494624,56,0.013799304171064461,0.6524953789279113,0.013901468908754381,541
Somalia_12849,Somalia,-14.769048690795898,0.19788026057284666,0.5145461389546139,0.24330303222935604,37192,0.26576787807737395,0.5348274845178413,0.34567148248389434,33910,0.24193548387096775,0.7142857142857143,0.26785714285714285,21,0.03456931793731621,0.29882207067575944,0.037620980330939746,3226
Somalia_166342,Somalia,-12.127689361572266,8.243003750566706e-05,0.6666666666666666,8.24334350012365e-05,12,nan,nan,nan,0,nan,nan,nan,0,8.587376556462001e-05,0.6666666666666666,8.587745287474773e-05,12
Somalia_167787,Somalia,-14.025256156921387,0.0020026389915683285,0.9511111111111111,0.002002845163222522,225,0.0026268928151955647,0.9541284403669725,0.0026272246150737012,218,nan,nan,nan,0,0.00021830883423082522,0.8571428571428571,0.00021831677764436196,7
Somalia_195014,Somalia,-11.322746276855469,0.0,nan,0.0,0,0.0,nan,0.0,0,nan,nan,nan,0,0.0,nan,0.0,0
Somalia_205466,Somalia,-11.904607772827148,0.0005592561892682732,0.6021505376344086,0.000559462915601023,93,0.00735023888276369,0.8695652173913043,0.007358351729212656,23,nan,nan,nan,0,0.00036956432472385334,0.5142857142857142,0.00036969335989648586,70
Somalia_230192,Somalia,-13.942509651184082,0.0004899789874395771,0.896551724137931,0.0004900066904759661,58,0.002976190476190476,0.9767441860465116,0.002976401388987315,43,nan,nan,nan,0,0.00010869447071227486,0.6666666666666666,0.0001087003782773164,15
Somalia_256539,Somalia,-11.212032318115234,0.0001513271390091099,0.6521739130434783,0.000151339353276497,23,0.00020316256391155656,0.6666666666666666,0.00020318320352184218,18,0.0,nan,0.0,0,7.639030352413934e-05,0.6,7.639419404125286e-05,5
Somalia_295782,Somalia,-13.429471969604492,0.11337418471322795,0.6015764517519552,0.12257829753061635,16239,0.11377540615865679,0.6335762278792467,0.1217892745397657,10567,0.28661527680448495,0.5704323570432357,0.36550491510277033,717,0.10301507537688442,0.5378405650857719,0.113019508057676,4955
Somalia_322855,Somalia,-11.854266166687012,0.442510842521719,0.7275409616201355,0.5304087086891337,44737,0.604833849862259,0.730118729053545,0.7789943452710943,38491,nan,nan,nan,0,0.16408874450884123,0.7116554594940762,0.17577507118000632,6246
Somalia_32375,Somalia,-13.935218811035156,0.0,0.0,0.0,1,0.0,nan,0.0,0,nan,nan,nan,0,0.0,0.0,0.0,1
Somalia_371421,Somalia,-12.855351448059082,0.14356766047706557,0.45282311551992616,0.17370190924979537,34678,0.40548020193418893,0.4825726591624742,0.7173679113311094,27629,nan,nan,nan,0,0.04738483685220729,0.3362179032486878,0.05227518362485387,7049
Somalia_60129,Somalia,-12.205190658569336,0.0030450036407652227,0.4756277695716396,0.003055260361317747,677,0.0,nan,0.0,0,nan,nan,nan,0,0.0013727399655055087,0.42391304347826086,0.0013753056234718827,276
Somalia_61368,Somalia,-11.594562530517578,0.0,nan,0.0,0,0.0,nan,0.0,0,nan,nan,nan,0,0.0,nan,0.0,0
Somalia_626316,Somalia,-15.791436195373535,0.27077670562652895,0.7336033506696736,0.3003052226995252,21727,0.4352540448481408,0.7297040068525745,0.518917089678511,21014,nan,nan,nan,0,0.025724976613657625,0.8485273492286115,0.02584365655702691,713
Somalia_649376,Somalia,-12.759794235229492,0.028225340391594814,0.4707923655292076,0.02915020352619579,5187,0.08880545552064976,0.5760437375745527,0.09501557632398754,4024,nan,nan,nan,0,0.002057101146336203,0.10662080825451418,0.0020931802835921676,1163
Somalia_685158,Somalia,-12.373675346374512,0.1864555969687384,0.5368258493703968,0.22220218973316724,25254,0.3527620218502892,0.530128070543775,0.5132322452132201,23815,0.8306772908366534,0.9065217391304348,0.9084967320261438,460,0.014167812929848693,0.526046986721144,0.014351000390124283,979
Somalia_699062,Somalia,-11.741605758666992,0.03205912523327525,0.7884498480243161,0.03233728511412793,3290,0.24014069494777232,0.7933098591549296,0.25616827743035814,2840,nan,nan,nan,0,0.004718580470162749,0.7539503386004515,0.004725857799787761,443
Somalia_7931,Somalia,-10.044961929321289,0.0,nan,0.0,0,0.0,nan,0.0,0,nan,nan,nan,0,0.0,nan,0.0,0
Somalia_886726,Somalia,-14.327680587768555,0.44708499593912215,0.6102054340622929,0.6258140253320976,82995,0.7306473016809201,0.7616723667524882,0.9471948771862755,26023,nan,nan,nan,0,0.35876991840582917,0.5410201502492452,0.5157452647078509,56972
Somalia_93023,Somalia,-13.572823524475098,0.0,nan,0.0,0,0.0,nan,0.0,0,nan,nan,nan,0,0.0,nan,0.0,0
Somalia_94102,Somalia,-12.060304641723633,0.11488755249889333,0.8382700488419725,0.11749182934369755,12694,0.7376375447434708,0.8855642209135763,0.8153575615474795,6283,nan,nan,nan,0,0.06303073943487113,0.7919201372640774,0.0640922059231954,6411
Somalia_970508,Somalia,-14.046698570251465,0.17306918552296285,0.4740239294710327,0.21420441071852028,38112,0.46358985932445645,0.5498304782298359,0.7471961200363747,22416,0.7106870229007634,0.7790794979079498,0.890057361376673,1195,0.08934210037519967,0.34709193245778613,0.10739004242018307,13858
Somalia_989553,Somalia,-11.678483963012695,0.0009220259424571991,0.01907238838318162,0.0009679264375907431,2307,0.0,nan,0.0,0,nan,nan,nan,0,0.0011651925215825432,0.01907238838318162,0.00123947153440942,2307
Somalia_992457,Somalia,-12.11673355102539,0.06599238934508311,0.6714212939378502,0.0681947534537176,7852,0.06612492489055481,0.6703408266860044,0.06834750462107209,6895,nan,nan,nan,0,0.06522175396347582,0.6792058516196448,0.06729475100942127,957
Sri-Lanka_101973,Sri-Lanka,-10.64688491821289,0.02013658732549965,0.8133874239350912,0.0202300474220563,2958,0.011091895760033395,0.5625,0.011188418583201331,992,0.6928571428571428,1.0,0.6928571428571428,194,0.01548722757452472,0.9420423183072677,0.015501998304468936,1087
Sri-Lanka_1038087,Sri-Lanka,-10.265316009521484,0.11068873760237757,0.7073763250883393,0.11600028972910328,18112,0.14712302323854778,0.6535188971703714,0.15956967081105455,15161,0.9189385677935297,0.9948839039748131,0.9233016800584368,2541,0.00824816209431594,0.9154228855721394,0.008254452469606568,402
Sri-Lanka_1049830,Sri-Lanka,-9.654863357543945,0.040492871889071316,0.96662786185487,0.040549559668571246,2577,0.003488270689805529,1.0,0.003488270689805529,40,0.19679961786481967,0.9915764139590855,0.19712918660287082,831,0.03327176281140475,0.9629883481836875,0.03331436430027979,1459
Sri-Lanka_117737,Sri-Lanka,-9.365926742553711,0.043869164018577364,0.8532164611499035,0.044202764693205256,6731,0.05072439688974546,0.8226893020749124,0.051285066353099276,3711,0.8678038379530917,0.9975490196078431,0.8696581196581197,408,0.02287882104034435,0.8808988764044944,0.022949811922778566,1780
Sri-Lanka_120804,Sri-Lanka,-10.081140518188477,0.038176231667869216,0.6767749353262432,0.03888521882741536,6958,0.038043957983935034,0.6337070391472156,0.0388993558140322,5441,0.85062893081761,0.9890310786106032,0.8587301587301587,547,0.02289187790998448,0.75,0.0230679004300795,944
Sri-Lanka_132922,Sri-Lanka,-10.009529113769531,0.1041084865800169,0.7249901922322479,0.10838891309448001,17843,0.1550474987974988,0.6963948150148528,0.16628782383002047,14812,0.8387096774193549,1.0,0.8387096774193549,52,0.03081867690384787,0.8362403100775194,0.031005802360464907,2064
Sri-Lanka_135713,Sri-Lanka,-6.987238883972168,0.0,nan,0.0,0,0.0,nan,0.0,0,0.0,nan,0.0,0,0.0,nan,0.0,0
Sri-Lanka_14484,Sri-Lanka,-8.863910675048828,0.21454930795043642,0.5938609581639479,0.25144344946292785,38866,0.4836794521222871,0.5767411802720089,0.7498472349526428,34043,0.5406360424028268,0.8453038674033149,0.6,362,0.04535995368559403,0.6907314748629974,0.04630028907734816,4197
Sri-Lanka_152185,Sri-Lanka,-9.245380401611328,0.015892457739299787,0.9504094631483166,0.01590564730426308,2198,0.0046875,0.75,0.004694835680751174,12,0.7099737532808399,0.980072463768116,0.7203728362183754,552,0.00998070555727591,0.9436936936936937,0.009986652683763943,1332
Sri-Lanka_163406,Sri-Lanka,-10.44924545288086,0.04009062991536214,0.8445759368836292,0.040388605923410675,5070,0.03359278984022941,0.7256637168141593,0.03402489626556016,113,0.9738276990185387,0.9960959286112661,0.9775588396278051,1793,0.02359705336287956,0.759884281581485,0.023774324935887766,3111
Sri-Lanka_178753,Sri-Lanka,-7.466024398803711,0.004502588988668484,0.8372093023255814,0.004506534474988734,645,0.0640096618357488,0.8390501319261213,0.06480538006928876,379,nan,nan,nan,0,0.0019363786230777954,0.8345864661654135,0.001937122064867412,266
Sri-Lanka_233609,Sri-Lanka,-10.650999069213867,0.05104379899440603,0.7868256507197906,0.05175959671325126,6877,0.037918983320095315,0.6894858463316003,0.03857777777777778,3462,0.9279918864097363,0.9828141783029001,0.9432989690721649,1862,0.028964372815729264,0.7669773635153129,0.029221520432234988,1502
Sri-Lanka_236030,Sri-Lanka,-7.418045520782471,0.016705317792568945,0.971395213076474,0.016713539574126156,1713,0.0,nan,0.0,0,0.9257950530035336,0.9980952380952381,0.9274336283185841,525,0.009091002581268832,0.9619151251360174,0.009094275955721987,919
Sri-Lanka_236628,Sri-Lanka,-8.72433853149414,0.021665557562505943,0.7396949042518662,0.02183201134229988,3081,0.01132884262094305,0.8268156424581006,0.011355789150617662,179,0.9031936127744511,0.9988962472406181,0.9040959040959041,906,0.013523218172376839,0.6138415245737212,0.013639250732664,1994
Sri-Lanka_249079,Sri-Lanka,-8.38575553894043,0.0001079753276376348,0.7272727272727273,0.00010797969981643452,11,0.0,nan,0.0,0,nan,nan,nan,0,2.7659074250784826e-05,0.5,2.765983929633369e-05,4
Sri-Lanka_31559,Sri-Lanka,-7.038763999938965,0.002652162564935885,0.6788793103448276,0.0026554939218694676,464,0.001430615164520744,1.0,0.001430615164520744,2,nan,nan,nan,0,0.0026670554335894623,0.6760869565217391,0.0026704677182527756,460
Sri-Lanka_321316,Sri-Lanka,-12.217269897460938,0.3446987951807229,0.5904752076776224,0.4529944978822784,96905,0.0031130827301735545,0.41237113402061853,0.0031269543464665416,97,0.5829298023909907,0.5904775930037609,0.9785424645190358,88276,0.07479619686401827,0.580506714661498,0.07906994286145316,7223
Sri-Lanka_377277,Sri-Lanka,-8.990715980529785,0.08652432935791139,0.8964314773916076,0.08739800543970988,8603,0.06196704865532276,0.7662213740458015,0.06316120659141856,2096,0.8347897774113767,0.9855947050807865,0.8451009848105492,5137,0.01936412899314108,0.7598513011152417,0.019483366695262606,1345
Sri-Lanka_400518,Sri-Lanka,-8.35611343383789,0.021198461298348376,0.9701680672268908,0.021212288244588984,2380,0.036980749746707196,0.9515828677839852,0.03705046403712297,537,0.9555873925501432,0.9896142433234422,0.9652677279305355,674,0.011405382315249893,0.9665158371040724,0.011409890708631134,1105
Sri-Lanka_450918,Sri-Lanka,-7.433867931365967,0.05123276531253466,0.6481178396072013,0.05269861789699815,4277,0.48484848484848486,0.64,0.6666666666666666,25,nan,nan,nan,0,0.049878934624697335,0.6426685865130789,0.05130169920116473,4167
Sri-Lanka_49764,Sri-Lanka,-7.57146692276001,0.011864806221709344,0.587288817377313,0.011964565219172807,2486,0.0,nan,0.0,0,nan,nan,nan,0,0.011782263117971044,0.5851760851760852,0.011881500943702139,2442
Sri-Lanka_52223,Sri-Lanka,-9.946329116821289,0.0,nan,0.0,0,0.0,nan,0.0,0,nan,nan,nan,0,0.0,nan,0.0,0
Sri-Lanka_523539,Sri-Lanka,-9.742399215698242,0.14562705783778043,0.50022295188293,0.17042315766213678,24669,0.26403200387925807,0.368112676056338,0.482891138866307,17750,0.7003416300634456,0.9993036211699164,0.70068359375,1436,0.08798918490548446,0.7804424229894563,0.0902225090222509,4837
Sri-Lanka_534068,Sri-Lanka,-11.411327362060547,0.4419602250828644,0.4457258578602858,0.9812429939330669,257268,0.3076923076923077,0.4444444444444444,0.5,9,0.4449327888444664,0.4453315254025958,0.997991669795587,256647,0.14051015996541288,0.6526104417670683,0.15186915887850466,498
Sri-Lanka_551926,Sri-Lanka,-11.516757011413574,0.14031137362314214,0.8520408163265306,0.14381550279449884,19600,0.0004633766921523847,0.6086956521739131,0.000463514766256125,23,0.870742012146818,0.9688555898339944,0.895816354251562,6807,0.12361293551010195,0.7883357268230413,0.12785642193525013,12534
Sri-Lanka_55568,Sri-Lanka,-9.618114471435547,0.22825738981965638,0.9806785433586587,0.2292885363388564,15268,0.045700041545492315,0.9649122807017544,0.04577611319184353,228,0.980643147049641,0.9911644051751342,0.9892913385826771,6338,0.15480450138118987,0.9730800605989978,0.15547032099501004,8581
Sri-Lanka_579082,Sri-Lanka,-9.482595443725586,0.14935658962005244,0.6771740633208904,0.16080632982041432,14466,0.2938741087173196,0.4826240241752707,0.42903514663084846,7942,0.9359296482412061,0.9986595174262735,0.9371069182389937,746,0.09642246714209937,0.8985719516660564,0.09748346475460305,5462
Sri-Lanka_612594,Sri-Lanka,-13.361083984375,0.4652615144418423,0.9674202898550724,0.4726675352631281,43125,0.1651376146788991,0.935064935064935,0.16705336426914152,77,0.9587685693024282,0.9725460594369426,0.9854395059630039,35769,0.1301592120993605,0.9425587467362925,0.13119990818493085,7277
Sri-Lanka_63307,Sri-Lanka,-12.360726356506348,0.019694895780880985,0.39643112062812275,0.020303714914493357,7005,0.17068447412353924,0.44724409448818897,0.21631685849695328,5715,nan,nan,nan,0,0.0010848755583918316,0.12397447584320875,0.0010932563766589763,1097
Sri-Lanka_649970,Sri-Lanka,-9.238648414611816,0.13694537526747144,0.7823329297122759,0.14236996463835636,17343,0.18577277379733878,0.7662921348314606,0.19693045395680936,14685,0.6090194455937112,0.9859343603482921,0.6143572621035058,1493,0.022245971257417667,0.7126126126126127,0.02244735796583234,1110
Sri-Lanka_653336,Sri-Lanka,-11.363321304321289,0.17099664974410622,0.9253142030919809,0.1733897439638194,17982,0.0968870744331851,0.8369017632241813,0.09875167186803388,4764,0.3740053050397878,0.967741935483871,0.37872683319903305,5828,0.17265076440416313,0.9486933917088521,0.17427803051247895,7309
Sri-Lanka_713926,Sri-Lanka,-15.415825843811035,0.7980144328156651,0.9395448786425856,0.8412091150727894,80506,0.0,nan,0.0,0,0.9415019365223077,0.9483830924544314,0.9923524499993372,78947,0.04809024341975064,0.4308510638297872,0.05135249366018597,1128
Sri-Lanka_748447,Sri-Lanka,-8.153661727905273,0.010546413310300937,0.9515996718621821,0.01055207357342333,1219,0.010067763794772507,0.7647058823529411,0.010099048358904641,68,0.22865013774104684,0.9651162790697675,0.23055555555555557,86,0.009673941548413416,0.9613899613899614,0.009677701448740247,1036
Sri-Lanka_845821,Sri-Lanka,-12.508951187133789,0.43249422104808594,0.4355478243073853,0.9840480869263669,234546,1.0,1.0,1.0,1,0.43459684861742487,0.4348197797688257,0.9988216810683425,233936,0.17886178861788618,0.3905325443786982,0.24812030075187969,169
Sri-Lanka_847275,Sri-Lanka,-11.432421684265137,0.559946494518596,0.7631578947368421,0.677717946010629,50464,0.12696435415868149,0.15421322160148976,0.4181129693909751,8592,0.9359186497788742,0.9500091614242961,0.9843997215366116,32746,0.21349489189831314,0.6244614315496873,0.24494357520580057,7195
Sri-Lanka_849649,Sri-Lanka,-8.440549850463867,0.020124860694848683,0.9830866807610994,0.02013183102250219,1892,0.032932799287939477,0.9779735682819384,0.032957244655581946,227,0.9617021276595744,0.9970588235294118,0.9644381223328592,680,0.010638171423137726,0.981359649122807,0.010640321468483248,912
Sri-Lanka_85652,Sri-Lanka,-7.087614059448242,0.015221883302174555,0.7970118495620814,0.015281125291398317,1941,0.07668576465403261,0.9684601113172542,0.07687776141384389,539,0.5833333333333334,1.0,0.5833333333333334,7,0.010498715753424658,0.7234513274336283,0.010541019717401815,1356
Sri-Lanka_883641,Sri-Lanka,-10.523246765136719,0.15186272605760112,0.9846666666666667,0.15222270572338134,13500,0.004847645429362881,1.0,0.004847645429362881,7,0.976625,0.9956671339365363,0.9807933718302787,7847,0.06688444042492879,0.9664521162473181,0.06704008875539501,5127
Sri-Lanka_916628,Sri-Lanka,-10.647297859191895,0.682276634701921,0.8090255630243854,0.8132552404438964,81524,0.6759149940968123,0.7379954882371899,0.8893203883495145,3103,0.9681763396996106,0.9709218539351959,0.9970878189673692,43022,0.45147174918236155,0.6322572493524543,0.6122411525402991,31658
Sri-Lanka_922192,Sri-Lanka,-8.476289749145508,0.0082071873792443,0.9485436893203884,0.008210843019102606,1030,0.03654645654065552,0.8978622327790974,0.03669902912621359,421,0.051330798479087454,1.0,0.051330798479087454,27,0.0054550867723749796,0.9844020797227037,0.005455558330291796,577
Sri-Lanka_92824,Sri-Lanka,-9.243694305419922,0.32550943179314246,0.6134139736414516,0.409519332754797,55390,0.49533843842212927,0.5794455856504521,0.7733747880158282,47221,0.9760087241003271,0.991415120465245,0.9843277426450371,3611,0.0626858162191831,0.6472255017709563,0.06490339079371094,4235
Sri-Lanka_956740,Sri-Lanka,-12.236452102661133,0.615427568602425,0.9743622126799697,0.625557447498581,7918,0.002181818181818182,0.3,0.0021929824561403508,10,0.9184649003004643,0.9883891828336273,0.9284826729255833,6804,0.2600742311770944,0.8934426229508197,0.26839945280437755,1098
USA_1010394,USA,-11.871277809143066,0.01221748745887049,0.9176232275489534,0.012230902152782778,1481,8.99847026005579e-05,1.0,8.99847026005579e-05,4,0.7755102040816326,0.9633802816901409,0.7990654205607477,355,0.012438008017365677,0.8810325476992144,0.012458933134413637,891
USA_1039203,USA,-11.828208923339844,0.01441131422433513,0.8994413407821229,0.014434571246413772,1611,0.000892800204068618,0.7,0.0008931419457735247,60,0.8719298245614036,0.9880715705765407,0.8812056737588653,503,0.007655143506364579,0.8943298969072165,0.007662073838544427,388
USA_1049586,USA,-10.76888370513916,0.01739669144732436,0.9792648444863337,0.017403102073632375,2122,0.0007869884575026233,1.0,0.0007869884575026233,12,0.807799442896936,0.9951956074124915,0.8109619686800895,1457,0.004800194662272018,0.9517543859649122,0.004801362967552079,456
USA_1068362,USA,-13.194496154785156,0.2623427435043881,0.7784298633827208,0.2835134030251708,31182,0.5890680298859614,0.8489657126664778,0.6580276740610587,21174,0.764629388816645,0.9267139479905437,0.813840830449827,1269,0.07695980627888338,0.5595784252944823,0.08192198079471401,8065
USA_1082482,USA,-10.778411865234375,0.018330795736837886,0.8295557570262919,0.018400096525096526,2206,0.009647602541883304,0.7695852534562212,0.009675550405561993,217,0.8641049671977507,0.9787685774946921,0.8806112702960841,942,0.007955148117281612,0.6810810810810811,0.00798489207721264,925
USA_11422,USA,-13.884878158569336,0.47744237023453057,0.9251804553026096,0.4966171912255603,36020,0.3108260035711924,0.8692435731459219,0.3260718745663938,10814,0.9277022474136906,0.9639224084675261,0.9610725577957541,24281,0.03165105109833871,0.5282522996057819,0.032571706368497814,761
USA_114964,USA,-11.140445709228516,0.0034160076187321436,0.9322033898305084,0.003416856492027335,354,0.0,nan,0.0,0,1.0,1.0,1.0,18,0.003527168732125834,0.8980582524271845,0.0035285815102328866,206
USA_115033,USA,-11.41337776184082,0.018850184394055575,0.8753709198813057,0.01890090980650594,2359,0.0002190580503833516,0.8,0.00021907004764773537,5,0.8683693516699411,0.9977426636568849,0.8700787401574803,886,0.010758062867074874,0.7686688311688312,0.010793006769847964,1232
USA_170264,USA,-13.983800888061523,0.529720118941786,0.7938440335362352,0.6142143707679457,43535,0.7776361015633663,0.8611597139085858,0.8891072164294995,32577,0.724812030075188,0.9198473282442748,0.7736757624398074,524,0.23470220288278487,0.566768826619965,0.2860141405214317,9136
USA_179917,USA,-10.007732391357422,0.003903000334320746,0.9823874755381604,0.0039032734624057227,511,0.0,nan,0.0,0,0.64576802507837,1.0,0.64576802507837,412,0.0006294701503430156,0.8846153846153846,0.0006295218371089438,78
USA_181263,USA,-12.14480209350586,0.010979776423887925,0.9323943661971831,0.010988524572022974,1065,0.00012682997535874764,0.7,0.00012683686966605663,10,0.7722222222222223,0.9928571428571429,0.776536312849162,140,0.013418649437783437,0.9171974522292994,0.013434924584046028,471
USA_181503,USA,-12.595029830932617,0.011467866713859534,0.949748743718593,0.011474829243612447,1194,0.0003298032174136099,0.8181818181818182,0.0003298273903323927,11,0.8825757575757576,0.9957264957264957,0.8859315589353612,234,0.0089542511440756,0.9321533923303835,0.008960090735096052,678
USA_19225,USA,-11.70278549194336,0.012526836374789142,0.9396117900790798,0.012536929747151133,1391,0.008085828107127362,0.9855769230769231,0.008086785009861933,208,0.8717047451669596,0.9821782178217822,0.8857142857142857,505,0.006104005919036043,0.8651685393258427,0.006109818027930597,534
USA_198411,USA,-13.848047256469727,0.3167656464138876,0.7936362595856702,0.3451983870164783,8737,0.0,0.0,0.0,1,0.9637936558795258,0.9720471804814994,0.9912670950733234,6189,0.06284436636588676,0.32846410684474125,0.07210921751878321,2396
USA_211406,USA,-11.402002334594727,0.011653741801790254,0.9654867256637168,0.011658598617211127,1130,0.000407186847864814,0.8,0.0004072283023670145,20,0.8100407055630936,1.0,0.8100407055630936,597,0.005762791059886301,0.9051987767584098,0.005766271209553309,327
USA_217598,USA,-14.145736694335938,0.3997343802789007,0.7582594859782105,0.45811637159870755,45251,0.7719769370507858,0.901300218239941,0.8432646957321983,32533,0.7904599659284497,0.8529411764705882,0.9151873767258383,544,0.09159077571779435,0.3715066560874548,0.10838477366255143,11343
USA_224165,USA,-10.099004745483398,0.0014708569340398318,1.0,0.0014708569340398318,161,0.00019940621261133515,1.0,0.00019940621261133515,18,0.7894736842105263,1.0,0.7894736842105263,30,0.00500797974795003,1.0,0.00500797974795003,91
USA_225017,USA,-12.13895034790039,0.18325385594177737,0.9183551847437426,0.18628885047327765,16780,0.056952452972870785,0.628586332811685,0.05893573315073853,1917,0.9172875794654454,0.9709840810419682,0.9431402867585044,13820,0.01066544526598181,0.6839160839160839,0.010718278061504065,715
USA_231124,USA,-11.14463996887207,0.02672682467203015,0.38421463922896587,0.027922913827048312,3839,0.002612726506531816,0.9117647058823529,0.00261338728713539,34,0.9310344827586207,1.0,0.9310344827586207,81,0.028367074796945085,0.33620689655172414,0.03005008347245409,3480
USA_232060,USA,-11.866684913635254,0.013958724202626642,0.8686514886164624,0.0139882491186839,1713,0.0011009862025346108,0.46078431372549017,0.0011024065299995308,102,0.7821138211382114,0.985655737704918,0.7911184210526315,488,0.010567251366030553,0.8110831234256927,0.01059332488937871,794
USA_251323,USA,-10.860639572143555,0.006817741205867781,0.9107913669064748,0.006822296947749612,695,0.0011620900404579497,0.7714285714285715,0.0011624903125807284,105,0.8072289156626506,1.0,0.8072289156626506,67,0.018096906012842966,0.9138321995464853,0.018127839503396158,441
USA_260929,USA,-10.815496444702148,0.03700528224534847,0.74800796812749,0.03747243206562416,5020,0.005000730033581545,0.7135416666666666,0.005010789656559746,192,0.967741935483871,1.0,0.967741935483871,60,0.027171635327316923,0.6414907651715039,0.027590609263068302,3032
USA_275372,USA,-11.494504928588867,0.016463772367263128,0.659808963997061,0.016604722545810913,2722,0.0017613723387961402,0.8846153846153846,0.0017617770968977402,26,0.9364754098360656,0.9913232104121475,0.9442148760330579,461,0.01015223018823705,0.5156926406926406,0.010249956978144898,1848
USA_308150,USA,-12.042232513427734,0.0259971408825395,0.9446164430684555,0.026036827034304894,2907,0.0,nan,0.0,0,0.8141547861507128,0.9907063197026023,0.8204207285787584,1614,0.009245301979700533,0.8607068607068608,0.009259155717081352,962
USA_347609,USA,-11.870004653930664,0.01837625950382784,0.8507917174177831,0.01843567309341885,1642,0.025906735751295335,0.9285714285714286,0.025958466453674122,210,0.5890652557319224,0.9653179190751445,0.6018018018018018,346,0.011478260869565217,0.7824742268041237,0.011515004399672301,970
USA_348639,USA,-13.115473747253418,0.2872442915233031,0.8454739633203211,0.30315995193386946,27154,0.15651626442812172,0.7466960352422908,0.16529255319148936,4994,0.9223062768350031,0.956176143288644,0.9630143566205903,18871,0.030385241454150842,0.31967763599731364,0.03248592390377069,2978
USA_350244,USA,-11.154541015625,0.009871153608229202,0.8692607003891051,0.009885830604478273,1285,0.0011416828405069071,0.6060606060606061,0.0011425307055127106,33,0.7563025210084033,0.9836065573770492,0.7659574468085106,183,0.008374854235131983,0.8267441860465117,0.008389578515127201,860
USA_354981,USA,-11.608304977416992,0.012514025816066946,0.8474477958236659,0.012542279758940988,1724,0.0,nan,0.0,0,0.8271889400921659,0.9755434782608695,0.8447058823529412,736,0.006568125611088745,0.7919556171983356,0.0065794780203952295,721
USA_366607,USA,-14.953275680541992,0.6536393594264901,0.9168575772934617,0.694823851153072,49325,0.19754601226993865,0.6474530831099196,0.2213565536205316,746,0.9555120190191072,0.9582753824756607,0.9969911341816344,45297,0.04930937175107679,0.35319148936170214,0.05420408163265306,2820
USA_375183,USA,-11.85660457611084,0.0426250872701885,0.702516109235962,0.04340860398536299,6518,0.00010995052226498076,0.5,0.00010996261271167803,4,0.8605914302957152,0.9680923285811269,0.8857142857142857,2946,0.016514170943985718,0.4164184045018206,0.016905421022925794,3021
USA_387945,USA,-11.224100112915039,0.11127326910516003,0.8104512004757303,0.11424649495986755,13453,0.0834407936589811,0.7127331473050375,0.086344631260564,6809,1.0,1.0,1.0,23,0.11544410974517626,0.8831222752750675,0.11723529735986331,4817
USA_430764,USA,-11.525680541992188,0.14262019778989488,0.8911198911846622,0.14514954897926888,15439,0.15745589768004425,0.8939294323909709,0.16045368124303416,13689,0.8787878787878788,1.0,0.8787878787878788,29,0.033845955858696354,0.7746686303387335,0.03418247985443203,679
USA_438959,USA,-12.997774124145508,0.0644996487642889,0.9614469300333175,0.0646669014309953,6303,8.189337482597658e-05,1.0,8.189337482597658e-05,1,0.8706825994434441,0.9732845379688929,0.8920006708032869,5465,0.006449984576123839,0.8455882352941176,0.0064575904764578715,544
USA_486103,USA,-12.354265213012695,0.03317724512031156,0.4940624136978735,0.03434407425538246,7242,0.005555555555555556,0.42346938775510207,0.005597895730761449,196,0.8037062457103638,0.9701739850869926,0.8240675580577058,1207,0.024776555723288525,0.3743664011585807,0.025846769153855767,5524
USA_504150,USA,-10.272504806518555,0.02144486382273875,0.9684242795830779,0.02145986889032302,3262,0.012559808612440191,1.0,0.012559808612440191,42,0.7918882978723404,0.9734368614630159,0.8093781855249745,2447,0.005443234836702955,0.9671848013816926,0.00544424028543374,579
USA_519181,USA,-10.978799819946289,0.01696640085415902,0.9451672862453532,0.01698311707830269,2152,7.883948281299275e-05,1.0,7.883948281299275e-05,1,0.7042175360710322,0.9791666666666666,0.7149295774647887,1296,0.0074352879027997885,0.8701700154559505,0.007443545401660585,647
USA_527077,USA,-11.947700500488281,0.012739225468439757,0.9277035236938032,0.012751885224682038,1646,0.0011602850986242334,0.8536585365853658,0.0011605159322258696,82,0.82398753894081,0.9653284671532847,0.8491171749598716,548,0.009794374321135623,0.8879456706281834,0.00980649516237906,589
USA_58086,USA,-13.74091911315918,0.17043237971391417,0.9235560588901472,0.17287105625758128,15894,0.37951864086833415,0.9367137754309676,0.38950597352276395,12878,0.8613989637305699,0.9693877551020408,0.8854860186418109,686,0.02369281045751634,0.7858064516129032,0.023846816508732084,1550
USA_595451,USA,-14.956169128417969,0.28266542243420256,0.7966976766840388,0.3046393384612519,20531,0.3540636717537198,0.964102230604149,0.35879377526077594,15377,0.9464285714285714,0.954954954954955,0.9906542056074766,333,0.06885026737967914,0.22752374641042633,0.0898543138794382,4527
USA_604222,USA,-11.99299430847168,0.038866575451295404,0.6630025598554434,0.039649877979594225,6641,0.0010134930719428814,0.6261682242990654,0.001014106677968154,107,0.8934746235359732,0.9798165137614679,0.9102272727272728,3270,0.018111143103944717,0.23409006326758466,0.019251958863858963,2687
USA_605492,USA,-12.602374076843262,0.02549735259343032,0.6545694490267239,0.025845111704552858,3031,0.008195775135634306,0.7955182072829131,0.008213077301252205,357,0.7609046849757674,0.98125,0.7721311475409836,480,0.02176283837820808,0.4838362068965517,0.022280114129760574,1856
USA_638521,USA,-12.509553909301758,0.030544675510159918,0.5466692486444616,0.03133846205082093,5164,0.0068359375,0.40384615384615385,0.006905623150279513,520,0.06666666666666667,1.0,0.06666666666666667,1,0.01992382564536606,0.3852700490998363,0.020578002342780215,3055
USA_646878,USA,-10.47780704498291,0.01951125719883903,0.8791254125412541,0.01956374052108771,2424,0.036394255508256534,0.956361401352182,0.03645479464892346,1627,0.9418604651162791,1.0,0.9418604651162791,81,0.006671041119860018,0.6599690880989181,0.006694049037436508,647
USA_652955,USA,-11.442550659179688,0.08823493587010804,0.8495367655681951,0.08963571569986141,8527,0.016817593790426907,0.6886184681460272,0.01694646537601071,1397,0.8309859154929577,1.0,0.8309859154929577,59,0.11154278703609039,0.7434412265758092,0.11600829390185549,2935
USA_655230,USA,-11.349726676940918,0.010636890160113188,0.9126637554585153,0.010647728314805946,1145,0.00014169925749589073,0.8333333333333334,0.00014170327334561429,6,0.7613636363636364,0.9757281553398058,0.7760617760617761,412,0.006449896934636611,0.8434782608695652,0.006457625990280274,460
USA_66026,USA,-11.323362350463867,0.009863593196926531,0.9260385005065856,0.009871369787560346,987,0.0004428697962798937,0.92,0.0004428868520372795,25,0.8974358974358975,0.9929078014184397,0.9032258064516129,282,0.011443754603809324,0.8823529411764706,0.01146124255677926,493
USA_664261,USA,-12.150550842285156,0.04554503717547637,0.9312564901349948,0.0456986781626767,4815,0.0020784210985940093,0.9083969465648855,0.0020788568034519504,131,0.9107538802660754,0.9823617339312407,0.9258946182023106,3345,0.018077725760054147,0.8093434343434344,0.018155040077038546,792
USA_66511,USA,-10.22990608215332,0.01831534163628821,0.7609094242757609,0.01842135634449268,2727,0.0005716950759000436,0.5588235294117647,0.000571953220247144,68,0.6397849462365591,0.9754098360655737,0.6502732240437158,122,0.03577645442052222,0.7295656235404017,0.03625728279287853,2141
USA_670826,USA,-10.8203706741333,0.015007514121366016,0.48106312292358805,0.015254469412049767,3010,0.0008758999337734197,0.5394736842105263,0.0008765553512635225,76,0.8072289156626506,0.9925925925925926,0.8121212121212121,135,0.020137707909909163,0.39153225806451614,0.020788284912971803,2480
USA_67102,USA,-12.300840377807617,0.12588691491117102,0.9645980402486566,0.1264712383267945,9491,0.0007911392405063291,1.0,0.0007911392405063291,11,0.8859276158871721,0.9765660722450846,0.9051705869887688,8748,0.009314015375517445,0.7819148936170213,0.009338274219163578,564
USA_693819,USA,-11.704025268554688,0.019573788959819753,0.8496332518337408,0.019641830976627635,2454,0.003163698815872729,0.9459459459459459,0.003164270861585752,74,0.8888888888888888,0.9803921568627451,0.9049773755656109,408,0.015266240290132078,0.7876106194690266,0.015329347210944613,1582
USA_741073,USA,-12.409481048583984,0.024714037279251477,0.8968888888888888,0.02478445628945494,3375,0.0008525149190110827,0.7368421052631579,0.0008527745629530364,19,0.7942216981132075,0.9704610951008645,0.8138972809667674,1388,0.01090405021525005,0.8094202898550724,0.010932117131224554,1380
USA_741178,USA,-11.032318115234375,0.009201300929936098,0.7786998616874136,0.009225424811968473,1446,0.000923865907462574,0.16838487972508592,0.0009281006136828548,291,0.8527131782945736,0.990990990990991,0.859375,333,0.010466321243523317,0.8898678414096917,0.010479896238651103,681
USA_758178,USA,-11.739629745483398,0.010969271910792673,0.6722325293753865,0.011028255465936184,1617,0.002025931928687196,0.9782608695652174,0.002026023141686552,46,0.8375527426160337,0.9754299754299754,0.8556034482758621,407,0.006046781573512937,0.46424870466321244,0.0060892730930245205,965
USA_761032,USA,-11.97201156616211,0.098069534809035,0.6804489560122142,0.10280420443635366,12117,0.3600487375617681,0.8336990595611286,0.38790840140023336,6380,1.0,1.0,1.0,88,0.03889511892817093,0.48625714812765175,0.04056195854555526,5421
USA_770353,USA,-13.324790954589844,0.4179579854042901,0.8766956168123856,0.4440619114877589,34427,0.3527526776177141,0.7995681193561052,0.38697111730428174,15282,0.9402237027076584,0.9789982816775918,0.9595783170107915,15713,0.08487567769676575,0.6535508637236085,0.08887438825448614,2084
USA_778194,USA,-12.78200912475586,0.037900667821927664,0.9744658676393955,0.03793834511721326,3838,0.0005567043104819469,0.6363636363636364,0.0005568814638027049,33,0.8051282051282052,0.9825428194993412,0.8168127053669222,3036,0.006695823818554786,0.947945205479452,0.006698286709902236,365
USA_788696,USA,-15.316987991333008,0.8470375195627771,0.9275626301055201,0.9070369395454945,111448,0.22023047375160051,0.61101243339254,0.2561429635145197,563,0.9744130100076982,0.9754267329403152,0.998934585524174,103812,0.09639042855211573,0.23130575831305758,0.14181999005469914,6165
USA_806273,USA,-11.640100479125977,0.03399180184894471,0.538793848280629,0.03501049865819288,5787,0.002126603813709506,0.46511627906976744,0.0021318173743116006,129,0.8617543859649123,0.9792663476874003,0.8777698355968548,1254,0.025475064310015765,0.3752138841359081,0.026603580651311114,4091
USA_826217,USA,-11.984943389892578,0.04288268042290209,0.9333036905291241,0.043014498693580615,4498,0.16330732553099264,0.9669554058389477,0.1642238326159211,3117,0.8115942028985508,0.9751243781094527,0.828752642706131,402,0.007688211841404657,0.7903871829105474,0.007703919629379001,749
USA_831672,USA,-12.353761672973633,0.15812934023204106,0.7160376008016415,0.16870910440042272,20957,0.3511185080033286,0.7639791245074022,0.393839565145775,9389,0.8310502283105022,0.9837837837837838,0.8425925925925926,185,0.08297053619077044,0.6205882352941177,0.08740420747403616,9520
USA_84195,USA,-12.243006706237793,0.032352968559431705,0.9118341642613488,0.03245449366320174,3811,0.0010892741262630945,0.8245614035087719,0.001089526635449024,57,0.862639635912288,0.9895586141433318,0.8705636743215032,2107,0.011743921931521831,0.7355110642781876,0.011793728034603946,949
USA_86502,USA,-12.246355056762695,0.240390232914992,0.5146318676350924,0.31087120763888254,66362,0.27311017047065866,0.49315328301027955,0.3796854693865631,52726,0.6291638007271299,0.639724248176641,0.9744331152031654,10009,0.035639659789870215,0.5026982150269822,0.0369421311125347,2409
USA_905409,USA,-14.725927352905273,0.564507384928663,0.9600827580003148,0.578075069057033,44467,0.0023892267593397048,0.6111111111111112,0.0023928649118990647,18,0.9634288856808964,0.9740530522413993,0.9888055313844923,43165,0.017320838774099394,0.4583333333333333,0.01768280729268771,984
USA_908474,USA,-11.964790344238281,0.008950176598782595,0.6451787648970747,0.008994449269342597,1846,4.1335978835978834e-05,0.5,4.133768756975735e-05,2,0.6729857819905213,0.71,0.9281045751633987,400,0.0063629167209435155,0.6635318704284221,0.0063835134455893444,957
USA_933610,USA,-12.201118469238281,0.035848928602579884,0.9675647397331938,0.035892061828661254,3823,0.004351136734471881,0.963855421686747,0.004351846814992112,83,0.858603066439523,0.9741012756088133,0.8786610878661087,2587,0.008153312759553473,0.9331395348837209,0.008158078658110426,688
USA_955053,USA,-15.208948135375977,0.39116146823072195,0.7639098163960042,0.44495189182160966,35838,0.5137651903998701,0.8973141520799376,0.5458582113680943,28222,0.8151815181518152,0.8151815181518152,1.0,303,0.08505909687847257,0.23638405390230208,0.11728653015740353,7124
USA_986268,USA,-10.63014030456543,0.06089243447006224,0.7639683238011439,0.062059969264858295,9092,0.29241176470588237,0.7957419561389467,0.31614093106079877,6247,0.9029126213592233,0.9893617021276596,0.9117647058823529,94,0.01837588949351193,0.6704849179075983,0.0185433540661267,2619
USA_994009,USA,-11.745940208435059,0.014842128356143578,0.9272535582498682,0.014859430965736298,1897,0.00037397157816005983,0.7,0.00037403152551429336,10,0.8251001335113485,0.976303317535545,0.8419618528610354,633,0.0066273932253313695,0.8693877551020408,0.006633998463487054,735
