chip,n_valid,vv_offset_median,vh_offset_median,vv_corr,vh_corr,otsu_vh_global_sigma0_bright_rec,otsu_vh_global_sigma0_crop_prec,otsu_vh_global_gamma0_bright_rec,otsu_vh_global_gamma0_crop_prec,unet_vv_ce_sigma0_bright_rec,unet_vv_ce_sigma0_crop_prec,unet_vv_ce_gamma0_bright_rec,unet_vv_ce_gamma0_crop_prec,unet_vvvh_cropw_sigma0_bright_rec,unet_vvvh_cropw_sigma0_crop_prec,unet_vvvh_cropw_gamma0_bright_rec,unet_vvvh_cropw_gamma0_crop_prec
Mekong_1111068,262098,1.5184311866760254,1.771139144897461,0.2359910997984951,0.6462149648207053,0.0,0.0704930810216833,0.26900584795321636,0.058127619934792735,0.0011695906432748538,0.860248447204969,0.0,0.2857142857142857,0.6923976608187135,0.06431474556982604,0.1847953216374269,0.07036880033912675
Mekong_1149855,224775,1.6708617210388184,1.8227720260620117,0.44010844748078987,0.4684179842700671,0.0,0.6915322580645161,0.17514901421366347,0.7876106194690266,0.176983035304906,0.9157206742346061,0.1361760660247593,0.8525252525252526,0.520861989912884,0.7480075503355704,0.19807427785419532,0.7799607072691552
Mekong_1191208,202312,1.7839000225067139,2.034520149230957,0.8593588738744913,0.796422918188966,0.0,0.23356009070294784,0.08571428571428572,0.36649214659685864,0.12857142857142856,0.6382978723404256,0.05714285714285714,0.8571428571428571,0.5142857142857142,0.39849624060150374,0.0,1.0
Mekong_119477,260952,1.4740486145019531,1.5564460754394531,0.12261376753267081,0.22752483960506406,0.0,0.38620366025340214,0.13067552602436322,0.3603053435114504,0.0,nan,0.0,nan,0.20155038759689922,0.5060658578856152,0.004429678848283499,0.49295774647887325
Mekong_1248200,260988,1.8588407039642334,3.5211048126220703,0.7001150635974585,0.6950756669787531,0.0,0.9960262670483246,0.4055901696088612,0.9889458993210576,0.532017999307719,0.993241372034446,0.3755624783662167,0.9903749600196369,0.7953444098303911,0.9856079841122201,0.2052613361024576,0.9692307692307692
Mekong_1282475,262144,1.4549901485443115,1.5863142013549805,0.8272157153258382,0.8282424577535761,0.0,0.9441075665699974,0.4312977099236641,0.9672457989176872,0.6030534351145038,0.9859798361688721,0.4122137404580153,0.9880442541042113,0.9198473282442748,0.9391977659304392,0.22137404580152673,0.9531066822977726
Mekong_1395593,261728,1.561283826828003,1.6614999771118164,0.7246346568930561,0.6985973640406163,0.0,0.9292579777008843,0.08108108108108109,0.976305397103993,0.14864864864864866,0.9839662447257383,0.0945945945945946,0.9860809047411918,0.17567567567567569,0.9767631471667346,0.05405405405405406,0.7518796992481203
Mekong_1396181,243062,2.394843578338623,3.584895133972168,0.6256658855216373,0.5707863110415643,0.0,0.9402254093404601,0.4280586766541823,0.951025592773805,0.6604244694132334,0.9438579261805385,0.5090511860174781,0.9528606755465633,0.9608302122347067,0.9051266560220946,0.042134831460674156,0.5964508708511338
Mekong_1413877,256968,1.544132947921753,1.6538801193237305,0.06994065562667987,0.13847955508084825,0.0,0.4823481116584565,0.10403726708074534,0.4124203821656051,0.0,nan,0.0,nan,0.31832298136645965,0.7131837307152875,0.007763975155279503,0.43548387096774194
Mekong_1439641,262083,1.9972152709960938,4.455265045166016,0.801644767122601,0.7675390393479075,0.0,0.9923247130410732,0.44504213734982967,0.9858605374752214,0.4436076743769051,0.9924867651478373,0.4120494889725659,0.989257456256211,0.80921642460104,0.9793957233139988,0.36345705576474807,0.9607377280231949
Mekong_1443339,262135,2.008228302001953,3.3873214721679688,0.7088095554040048,0.6885130277760132,0.0,0.9964007283901439,0.5049254862338974,0.98912069426321,0.5488759787825208,0.9941857222532069,0.5301843899974741,0.9901473379734249,0.8403637282141955,0.988552397389569,0.24955796918413742,0.9510259224858566
Mekong_16233,262132,1.6425995826721191,1.9829368591308594,0.8882008469034192,0.8774397783585235,0.0,0.9885891597017167,0.49101796407185627,0.9922452660054103,0.6227544910179641,0.987653400904258,0.5089820359281437,0.992867260218535,0.7245508982035929,0.9864647514413679,0.043912175648702596,0.8762135922330098
Mekong_213094,229843,1.6192541122436523,1.7644357681274414,0.3316215922566119,0.32222512336232095,0.0,0.04628999319264806,0.21212121212121213,0.13934426229508196,0.0,0.0,0.0,nan,0.0,0.03508771929824561,0.0,nan
Mekong_221789,215327,1.6091947555541992,1.7242355346679688,0.4617628800471732,0.4454959634892292,nan,nan,nan,nan,nan,nan,nan,nan,nan,nan,nan,nan
Mekong_254910,205495,1.6081171035766602,1.750335693359375,0.6663763481271785,0.682577236988554,0.0,0.0073587907716786,0.0,0.003629764065335753,0.0,0.0,0.0,0.0,0.1388888888888889,0.007513988808952838,0.0,0.0
Mekong_269835,212236,1.5543708801269531,1.6554603576660156,0.28644733978627496,0.3025492953094988,0.0,0.20205686630369027,0.18867924528301888,0.6050632911392405,0.16981132075471697,0.8248407643312102,0.16981132075471697,0.7153558052434457,0.3018867924528302,0.6652719665271967,0.20754716981132076,0.6276923076923077
Mekong_293769,230540,1.8004271984100342,2.1280908584594727,0.8343052831204866,0.7999908033714619,0.0,0.42143349414197107,0.21945701357466063,0.5419635787806809,0.4819004524886878,0.7866333095067906,0.22624434389140272,0.7398101619207147,0.9502262443438914,0.40126404494382023,0.40497737556561086,0.6682825484764543
Mekong_333434,203133,1.702465534210205,1.9734392166137695,0.4913415520134177,0.5102340360650705,0.0,0.2004296455424275,0.07692307692307693,0.29289940828402367,0.005917159763313609,0.3778801843317972,0.011834319526627219,0.2890625,0.22287968441814596,0.2915642915642916,0.01775147928994083,0.32653061224489793
Mekong_342411,262141,1.5801382064819336,1.7271995544433594,0.5665710860397323,0.5798299294712169,0.0,0.855887630715921,0.46938775510204084,0.9082445532200787,0.5158730158730159,0.9700775766531216,0.3979591836734694,0.9566446748350612,0.7630385487528345,0.9098204050439435,0.08956916099773243,0.8854166666666666
Mekong_382276,262111,1.5284957885742188,1.6202163696289062,0.6283961305364382,0.6006810500671415,0.0,0.9637826961770624,1.0,0.9835886214442013,0.7727272727272727,0.9938398357289527,0.7727272727272727,0.9956379498364231,0.7727272727272727,0.9938650306748467,0.5909090909090909,0.9923076923076923
Mekong_424793,258487,1.4831657409667969,1.5720500946044922,0.17764964705206157,0.20270679164057662,0.0,0.6273078574495492,0.20708446866485014,0.6266531027466938,0.15803814713896458,0.7648054145516074,0.10354223433242507,0.7899408284023669,0.2888283378746594,0.67293997965412,0.08174386920980926,0.6865671641791045
Mekong_45934,261859,1.504683017730713,1.5928382873535156,0.2709330982162265,0.3001819898953783,0.0,0.10233393177737882,0.03529411764705882,0.07272727272727272,0.0,nan,0.0,0.0,0.10588235294117647,0.875,0.03529411764705882,0.38461538461538464
Mekong_474783,262119,1.403996467590332,1.5098466873168945,0.33060000374810095,0.5845514521354661,0.0,0.20139086815253948,0.13953488372093023,0.21297242083758938,0.0,1.0,0.0,nan,0.318159327065809,0.21712359841856244,0.022266204849084613,0.27122263747997866
Mekong_52610,262144,1.84773588180542,3.6336135864257812,0.7076553023142484,0.698189735662193,0.0,0.9986924961300891,0.5815154994259472,0.9972995861495934,0.7411021814006888,0.9977550990267173,0.6343283582089553,0.9975367562158417,0.9064293915040184,0.9958566973632198,0.3455797933409874,0.9942818982428315
Mekong_596495,229483,2.6591358184814453,5.021385192871094,0.8165948901884831,0.7062009926371778,0.0,0.7028236383274186,0.3576965669988926,0.8394362652573298,0.4739756367663344,0.9092132505175984,0.33665559246954596,0.914010989010989,0.9158361018826136,0.6205990869864298,0.2369878183831672,0.7899527983816588
Mekong_774566,227728,1.874443531036377,2.5941858291625977,0.9481053442280462,0.9077989606500972,0.0,0.1589763779527559,0.07455803228285934,0.2527736474894201,0.02997694081475788,0.7993273542600897,0.014604150653343582,0.7887563884156729,0.5249807840122982,0.17561093441764966,0.04688700999231361,0.5908045977011495
Mekong_846007,164030,1.544982671737671,1.7231569290161133,0.5273855330876364,0.5467589844983264,0.0,0.7906861530839733,0.44761904761904764,0.8555078683834049,0.9047619047619048,0.8439917483238782,0.7523809523809524,0.8672985781990521,1.0,0.8267301905717152,0.3142857142857143,0.6736204576043069
Mekong_922373,262138,1.6853795051574707,2.2230210304260254,0.7504523827459195,0.7527438443138772,0.0,0.9755650929899857,0.19324766943814564,0.9817671494330302,0.22663139329805995,0.9893675415235114,0.13945578231292516,0.9879549682774412,0.528344671201814,0.9653057648501839,0.11690602166792644,0.9574178773348601
Mekong_977338,176958,2.1392312049865723,2.8718156814575195,0.9578506749308443,0.9022619052940849,0.0,0.0625,0.0,0.21428571428571427,0.75,0.7884615384615384,0.75,0.851063829787234,0.75,0.07334525939177101,0.0,nan
Mekong_98310,182771,2.6070451736450195,3.7217960357666016,0.9303623661790142,0.8386069498830998,0.0,0.14760251477901848,0.08101851851851852,0.2548449612403101,0.12962962962962962,0.7892857142857143,0.032407407407407406,0.8398637137989778,0.6712962962962963,0.1393601363389883,0.06944444444444445,0.5667506297229219
