comparison,method,group,iou,recall,precision,tp,fp,fn,n_pos
total_water,otsu_vh_global,all,0.4237238370873705,0.6946774859029019,0.5206948095458998,10102,9299,4440,14542
total_water,otsu_vh_global,cropland,0.49823278488726386,0.5526564823577126,0.8349673202614379,4088,808,3309,7397
total_water,otsu_vh_global,vegetation,0.021552205471803462,0.26880222841225626,0.022894424673784105,193,8237,525,718
total_water,otsu_vh_global,open_water,0.9452144138268385,0.9737947253485637,0.9698845574703028,5797,180,156,5953
total_water,otsu_vh_global,built,0.0421455938697318,0.05,0.21153846153846154,11,41,209,220
total_water,unet_vv_ce,all,0.48836501239615504,0.7721083757392381,0.5706154393454287,11228,8449,3314,14542
total_water,unet_vv_ce,cropland,0.6123839009287926,0.6685142625388671,0.8794237951271563,4945,678,2452,7397
total_water,unet_vv_ce,vegetation,0.041076667942339586,0.44846796657381616,0.0432621254870348,322,7121,396,718
total_water,unet_vv_ce,open_water,0.9522272433828276,0.9910969259197043,0.9604427804004558,5900,243,53,5953
total_water,unet_vv_ce,built,0.007874015748031496,0.013636363636363636,0.018292682926829267,3,161,217,220
total_water,unet_vvvh_cropw,all,0.47819818415617815,0.8439004263512584,0.5246013764801436,12272,11121,2270,14542
total_water,unet_vvvh_cropw,cropland,0.7131680308136735,0.8010004055698257,0.8667349327091867,5925,911,1472,7397
total_water,unet_vvvh_cropw,vegetation,0.03784095274683058,0.5487465181058496,0.039056304520222046,394,9694,324,718
total_water,unet_vvvh_cropw,open_water,0.9489368556701031,0.9895850831513523,0.9585095997396681,5891,255,62,5953
total_water,unet_vvvh_cropw,built,0.0,0.0,0.0,0,22,220,220
new_flood,otsu_vh_global,all,0.23198387367713758,0.4698344295758675,0.31424453883495146,4143,9041,4675,8818
new_flood,otsu_vh_global,cropland,0.48332106941378467,0.5329276538201487,0.8385106382978723,3941,759,3454,7395
new_flood,otsu_vh_global,vegetation,0.016587677725118485,0.20502092050209206,0.01772793053545586,147,8145,570,717
new_flood,otsu_vh_global,open_water,0.11419753086419752,0.15040650406504066,0.3217391304347826,37,78,209,246
new_flood,otsu_vh_global,built,0.027888446215139442,0.03225806451612903,0.17073170731707318,7,34,210,217
new_flood,unet_vv_ce,all,0.32232372921058794,0.6241778180993423,0.399941868914402,5504,8258,3314,8818
new_flood,unet_vv_ce,cropland,0.6130472528835421,0.6684246112237998,0.880948137586883,4943,668,2452,7395
new_flood,unet_vv_ce,vegetation,0.04116068004601815,0.4490934449093445,0.04334948842218632,322,7106,395,717
new_flood,unet_vv_ce,open_water,0.5054054054054054,0.7601626016260162,0.6012861736334405,187,124,59,246
new_flood,unet_vv_ce,built,0.007936507936507936,0.013824884792626729,0.018292682926829267,3,161,214,217
new_flood,unet_vvvh_cropw,all,0.3044140830267998,0.6569516897255614,0.3619493908153702,5793,10212,3025,8818
new_flood,unet_vvvh_cropw,cropland,0.6765364518536949,0.7353617308992563,0.8942608123663871,5438,643,1957,7395
new_flood,unet_vvvh_cropw,vegetation,0.030036557652405888,0.42398884239888424,0.031314379892871856,304,9404,413,717
new_flood,unet_vvvh_cropw,open_water,0.0,0.0,0.0,0,4,246,246
new_flood,unet_vvvh_cropw,built,0.0,0.0,0.0,0,22,217,217
