chip,event,split,slope_p90,fp_jrc_permanent_water,fp_wc_open_water,fp_terrain,fp_smooth_built_other,fp_dry_cropland,fp_dry_vegetation,fp_unknown,fn_bright_cropland,fn_bright_cropland_vv_dark,fn_bright_cropland_vv_bright,fn_bright_vegetation,fn_bright_vegetation_vv_dark,fn_bright_vegetation_vv_bright,fn_rough_open_water,fn_rough_open_water_vv_dark,fn_rough_open_water_vv_bright,fn_built,fn_built_vv_dark,fn_built_vv_bright,fn_other,fn_other_vv_dark,fn_other_vv_bright,fp_total,fn_total,tp_total
Bolivia_103757,Bolivia,train,4.255086278915407,0,0,38,0,0,3669,0,0,0,0,3806,2329,1477,0,0,0,0,0,0,0,0,0,3707,3806,31556
Bolivia_129334,Bolivia,train,1.8487539291381847,87,77,65,12,0,11333,0,0,0,0,8984,4853,4131,179,74,105,0,0,0,15,10,5,11574,9178,146889
Bolivia_195474,Bolivia,train,5.310227918624879,0,0,71,0,0,5410,0,0,0,0,1299,364,935,0,0,0,0,0,0,0,0,0,5481,1299,252
Bolivia_23014,Bolivia,train,2.5520571947097777,37,7,2,23,0,2463,0,0,0,0,122,25,97,512,284,228,0,0,0,16,6,10,2532,650,7130
Bolivia_233925,Bolivia,train,1.7147636890411406,0,0,19,13,0,3925,0,0,0,0,1,0,1,0,0,0,0,0,0,0,0,0,3957,1,0
Bolivia_242570,Bolivia,train,0.5711890757083893,0,382,0,629,36,52537,0,3,0,3,3405,1646,1759,22,21,1,3,1,2,119,76,43,53584,3552,23794
Bolivia_290290,Bolivia,train,2.265072584152223,31,14,0,49,0,12257,0,0,0,0,3365,675,2690,73,56,17,0,0,0,21,15,6,12351,3459,16240
Bolivia_294583,Bolivia,train,4.607195186614992,1229,242,128,59,5,3083,0,0,0,0,1139,632,507,351,252,99,0,0,0,32,26,6,4746,1522,13486
Bolivia_312675,Bolivia,train,5.294649982452395,0,15,82,9,0,6171,0,0,0,0,2901,1105,1796,0,0,0,0,0,0,1,0,1,6277,2902,6673
Bolivia_314919,Bolivia,train,3.8828853130340604,8,24,368,5,0,12044,0,0,0,0,8808,4611,4197,77,60,17,27,4,23,8,7,1,12449,8920,74758
Bolivia_360519,Bolivia,train,1.8915969729423527,0,0,0,5,0,4653,0,6,4,2,186,69,117,0,0,0,0,0,0,9,2,7,4658,201,213
Bolivia_379434,Bolivia,train,3.214748668670654,0,162,465,167,5,8987,0,0,0,0,6039,1181,4858,601,184,417,0,0,0,29,20,9,9786,6669,4121
Bolivia_432776,Bolivia,train,3.848857164382935,0,15,49,4,0,20085,0,0,0,0,10063,4724,5339,45,33,12,0,0,0,15,7,8,20153,10123,62022
Bolivia_60373,Bolivia,train,1.4945482254028324,908,15,0,1,2,2713,0,0,0,0,1621,916,705,1163,660,503,0,0,0,50,3,47,3639,2834,9646
Bolivia_76104,Bolivia,train,1.9076627492904665,0,0,13,25,0,4914,0,0,0,0,5,1,4,0,0,0,0,0,0,0,0,0,4952,5,0
Ghana_103272,Ghana,train,2.36205575466156,54,45,4,1087,4804,1305,0,18,8,10,7,2,5,2,0,2,0,0,0,5,4,1,7299,32,1526
Ghana_1033830,Ghana,train,2.638405942916871,4,3,16,47,1074,2580,0,2528,1436,1092,37411,18785,18626,177,129,48,1,0,1,2188,1425,763,3724,42305,54506
Ghana_1078550,Ghana,train,2.972849202156067,0,0,74,80,6,17212,0,1,0,1,1029,185,844,0,0,0,0,0,0,24,7,17,17372,1054,353
Ghana_1089161,Ghana,train,3.1187005043029785,0,2,121,602,5745,1618,0,480,104,376,128,24,104,8,6,2,5,2,3,12,5,7,8088,633,2274
Ghana_11745,Ghana,train,3.691596865653992,0,0,44,35,1760,5153,0,0,0,0,0,0,0,0,0,0,0,0,0,0,0,0,6992,0,0
Ghana_124834,Ghana,train,4.433854961395264,0,0,602,40,155,9407,0,0,0,0,0,0,0,0,0,0,0,0,0,0,0,0,10204,0,0
Ghana_128663,Ghana,train,1.6024648427963257,34,79,6,194,2584,613,0,0,0,0,0,0,0,0,0,0,0,0,0,0,0,0,3510,0,0
Ghana_132163,Ghana,train,2.8191457509994513,0,27,9,947,320,111,0,0,0,0,0,0,0,0,0,0,0,0,0,0,0,0,1414,0,0
Ghana_134751,Ghana,train,4.048683214187622,0,0,2,5,0,571,0,0,0,0,0,0,0,0,0,0,0,0,0,0,0,0,578,0,0
Ghana_135389,Ghana,train,2.916272950172425,0,0,2,0,0,670,0,0,0,0,222,26,196,0,0,0,0,0,0,14,4,10,672,236,16
Ghana_141271,Ghana,train,7.633580446243287,0,0,2174,222,199,12445,0,73,21,52,1062,199,863,0,0,0,5,2,3,252,87,165,15040,1392,244
Ghana_141910,Ghana,train,3.4022073984146117,481,873,297,1130,26792,52876,0,6614,2387,4227,7845,2788,5057,414,224,190,0,0,0,352,102,250,82449,15225,55425
Ghana_142312,Ghana,train,3.9994986772537233,0,0,96,940,34,17482,0,0,0,0,0,0,0,0,0,0,0,0,0,0,0,0,18552,0,0
Ghana_144050,Ghana,train,3.797967791557313,0,0,14,194,781,1143,0,0,0,0,0,0,0,0,0,0,0,0,0,0,0,0,2132,0,0
Ghana_146222,Ghana,train,2.3284793138504027,0,0,0,4,246,1505,0,0,0,0,0,0,0,0,0,0,0,0,0,0,0,0,1755,0,0
Ghana_147015,Ghana,train,4.611774015426637,0,0,782,193,789,13153,0,129,31,98,2119,565,1554,0,0,0,0,0,0,271,84,187,14917,2519,1011
Ghana_154838,Ghana,train,1.8603000402450565,0,0,0,4,584,852,0,0,0,0,0,0,0,0,0,0,0,0,0,0,0,0,1440,0,0
Ghana_156478,Ghana,train,2.7688551664352423,0,0,7,68,4081,1891,0,0,0,0,0,0,0,0,0,0,0,0,0,0,0,0,6047,0,0
Ghana_161233,Ghana,train,1.2281250953674316,0,0,0,0,89,352,0,0,0,0,0,0,0,0,0,0,0,0,0,0,0,0,441,0,0
Ghana_167233,Ghana,train,3.5440670490264896,0,0,145,63,41,8903,0,0,0,0,0,0,0,0,0,0,0,0,0,0,0,0,9152,0,0
Ghana_168875,Ghana,train,3.121030640602112,0,0,1,0,0,225,0,0,0,0,0,0,0,0,0,0,0,0,0,0,0,0,226,0,0
Ghana_187318,Ghana,train,4.844063472747804,0,0,229,188,11,6990,0,0,0,0,0,0,0,0,0,0,0,0,0,0,0,0,7418,0,0
Ghana_194723,Ghana,train,1.9597826957702638,9,47,1,48,795,244,0,0,0,0,0,0,0,0,0,0,0,0,0,0,0,0,1144,0,0
Ghana_234935,Ghana,train,1.554298496246338,0,0,0,0,0,0,0,0,0,0,0,0,0,0,0,0,0,0,0,0,0,0,0,0,0
Ghana_247288,Ghana,train,2.500726413726807,59,97,53,349,70,1922,0,444,252,192,9509,4760,4749,98,58,40,12,12,0,487,305,182,2550,10550,16100
Ghana_24858,Ghana,train,2.2755360364913946,0,0,9,168,2161,2042,0,6,1,5,368,13,355,0,0,0,8,0,8,65,16,49,4380,447,37
Ghana_26376,Ghana,train,1.3274194359779359,0,0,0,0,0,0,0,0,0,0,0,0,0,0,0,0,0,0,0,0,0,0,0,0,0
Ghana_264787,Ghana,train,2.092784786224366,0,0,7,59,412,2268,0,0,0,0,0,0,0,0,0,0,0,0,0,0,0,0,2746,0,0
Ghana_277,Ghana,train,3.5547141790390033,0,0,0,0,0,0,0,0,0,0,0,0,0,0,0,0,0,0,0,0,0,0,0,0,0
Ghana_308249,Ghana,train,2.571140813827517,0,13,49,376,3513,4494,0,1007,269,738,1856,653,1203,131,84,47,0,0,0,280,119,161,8445,3274,4756
Ghana_313799,Ghana,train,4.25362367630005,0,0,39,5,89,2214,0,154,16,138,11530,2199,9331,0,0,0,0,0,0,364,175,189,2347,12048,2885
Ghana_319168,Ghana,train,2.749552416801453,0,0,3,343,3263,2166,0,2641,840,1801,7658,3111,4547,0,0,0,13,4,9,219,169,50,5775,10531,28990
Ghana_359826,Ghana,train,2.588105964660646,0,0,24,95,1322,17887,0,205,60,145,1126,266,860,0,0,0,0,0,0,22,13,9,19328,1353,2143
Ghana_362274,Ghana,train,2.1122927188873293,0,0,5,112,5033,10318,0,957,458,499,3870,1318,2552,5,3,2,0,0,0,36,15,21,15468,4868,13496
Ghana_406026,Ghana,train,2.57438600063324,0,128,11,1711,11251,17621,0,148,79,69,138,93,45,3,1,2,0,0,0,16,9,7,30722,305,4000
Ghana_45911,Ghana,train,2.521892905235291,0,0,0,0,5,176,0,0,0,0,0,0,0,0,0,0,0,0,0,0,0,0,181,0,0
Ghana_495107,Ghana,train,2.453499269485474,0,0,45,30,2883,18733,0,254,84,170,2059,535,1524,0,0,0,0,0,0,20,4,16,21691,2333,1626
Ghana_49890,Ghana,train,4.530957412719727,0,0,325,59,221,13740,0,0,0,0,0,0,0,0,0,0,0,0,0,0,0,0,14345,0,0
Ghana_5079,Ghana,train,3.493057942390442,0,0,0,0,0,0,0,0,0,0,0,0,0,0,0,0,0,0,0,0,0,0,0,0,0
Ghana_53713,Ghana,train,3.5966010332107547,0,0,852,2,1264,22536,0,0,0,0,0,0,0,0,0,0,0,0,0,0,0,0,24654,0,0
Ghana_597288,Ghana,train,2.814761853218079,0,0,6,438,1414,8460,0,213,68,145,1527,627,900,0,0,0,5,1,4,66,29,37,10318,1811,3879
Ghana_61925,Ghana,train,4.369090604782105,0,0,94,40,344,3658,0,65,28,37,5,3,2,2,2,0,0,0,0,13,6,7,4136,85,566
Ghana_7496,Ghana,train,3.1421752929687505,0,0,9,7,352,4015,0,0,0,0,0,0,0,0,0,0,0,0,0,0,0,0,4383,0,0
Ghana_8090,Ghana,train,2.6032584428787233,0,0,3,24,9,3027,0,0,0,0,0,0,0,0,0,0,0,0,0,1,0,1,3063,1,3
Ghana_83200,Ghana,train,1.8658425569534318,0,0,2,229,2429,1919,0,212,42,170,43,2,41,0,0,0,0,0,0,1,0,1,4579,256,277
Ghana_83483,Ghana,train,1.8005658268928542,0,0,0,0,0,0,0,0,0,0,0,0,0,0,0,0,0,0,0,0,0,0,0,0,0
Ghana_866994,Ghana,train,0.0,10471,28,0,0,12,62,0,5286,646,4640,13982,1873,12109,11899,2353,9546,385,32,353,970,88,882,10573,32522,73449
Ghana_868803,Ghana,train,2.6999708175659185,1,45,8,287,4335,1672,0,10369,3906,6463,24057,12062,11995,572,328,244,0,0,0,1346,772,574,6348,36344,107707
Ghana_887131,Ghana,train,4.087856101989747,0,0,165,15,2029,4690,0,1126,303,823,3605,1365,2240,0,0,0,0,0,0,138,80,58,6899,4869,5206
Ghana_895194,Ghana,train,1.6658862233161935,0,0,0,136,997,1385,0,1494,731,763,978,534,444,0,0,0,0,0,0,9,3,6,2518,2481,6216
Ghana_953791,Ghana,train,2.055210328102112,0,0,14,2071,13458,5428,0,571,78,493,838,128,710,0,0,0,0,0,0,27,20,7,20971,1436,1336
Ghana_97059,Ghana,train,2.3145942926406873,0,22,0,102,127,254,0,0,0,0,0,0,0,0,0,0,0,0,0,0,0,0,505,0,0
Ghana_97516,Ghana,train,2.7289219141006473,0,18,8,1765,9752,11122,0,2,2,0,34,21,13,7,2,5,0,0,0,16,5,11,22665,59,712
India_1017769,India,train,3.0959797143936183,387,19859,487,4327,2267,1233,0,1530,490,1040,600,54,546,1766,772,994,0,0,0,1069,339,730,28560,4965,93178
India_1018317,India,train,3.491720342636111,468,18341,73,4196,1732,88,0,75,26,49,10,1,9,278,111,167,0,0,0,787,264,523,24898,1150,149560
India_1018327,India,train,7.195174026489259,8,0,793,256,10004,1485,0,10984,3541,7443,2409,1060,1349,46,44,2,13,0,13,1317,727,590,12546,14769,21880
India_103447,India,train,5.380246496200564,533,2027,196,2401,9198,1368,0,3142,698,2444,192,30,162,1091,474,617,0,0,0,584,161,423,15723,5009,21968
India_1050276,India,train,6.114397954940798,191,55,615,1178,18787,3349,0,14711,2790,11921,1355,483,872,375,237,138,36,6,30,1202,653,549,24175,17679,31326
India_1068117,India,train,6.419354867935183,520,159,426,412,9950,1637,0,16301,3579,12722,1721,599,1122,615,277,338,52,32,20,617,271,346,13104,19306,28654
India_1072277,India,train,21.414695549011235,9,0,3857,111,26757,692,0,9693,2550,7143,379,148,231,0,0,0,3,0,3,473,163,310,31426,10548,11998
India_118868,India,train,15.375166320800782,0,0,1885,6,2171,1613,0,4270,1000,3270,2961,418,2543,0,0,0,6,0,6,425,93,332,5675,7662,3023
India_135434,India,train,4.545567464828491,10,823,78,559,6230,1556,0,615,153,462,5,1,4,279,116,163,13,0,13,136,36,100,9256,1048,9264
India_136196,India,train,35.03298645019532,0,0,24451,0,47,444,0,0,0,0,0,0,0,0,0,0,0,0,0,0,0,0,24942,0,0
India_164336,India,train,27.13587989807129,0,0,5964,57,13322,447,0,642,146,496,576,134,442,0,0,0,4,3,1,78,30,48,19790,1300,581
India_166709,India,train,4.88038411140442,0,0,203,1065,14197,2385,0,4031,539,3492,715,168,547,0,0,0,7,0,7,599,148,451,17850,5352,3487
India_177319,India,train,22.083035278320313,0,0,5407,10,2129,801,0,560,109,451,761,92,669,0,0,0,0,0,0,16,2,14,8347,1337,241
India_179238,India,train,3.5408907890319825,0,0,92,317,20362,1588,0,5981,1164,4817,457,104,353,0,0,0,7,5,2,461,131,330,22359,6906,4686
India_180633,India,train,4.263107585906986,29,7339,190,666,2947,464,0,1338,170,1168,568,102,466,1844,498,1346,0,0,0,162,65,97,11635,3912,71851
India_207862,India,train,6.936742782592775,0,0,514,283,19504,1540,0,7658,2819,4839,905,234,671,2,2,0,0,0,0,176,55,121,21841,8741,12287
India_244057,India,train,36.08577651977539,0,0,9100,1,12,325,0,0,0,0,5,0,5,0,0,0,0,0,0,0,0,0,9438,5,0
India_25540,India,train,28.629350662231452,0,0,4282,23,14864,506,0,3452,698,2754,210,12,198,0,0,0,0,0,0,50,13,37,19675,3712,7847
India_265762,India,train,5.35925841331482,0,0,190,781,10931,2100,0,3668,746,2922,1190,263,927,0,0,0,35,2,33,332,116,216,14002,5225,3308
India_273873,India,train,45.412744140625,0,0,14967,0,0,67,0,1,1,0,2606,302,2304,0,0,0,22,0,22,1744,140,1604,15034,4373,1073
India_285297,India,train,7.194963073730469,0,0,837,332,28442,5725,0,11323,3352,7971,1257,363,894,0,0,0,28,12,16,205,77,128,35336,12813,23193
India_287642,India,train,5.870805549621583,0,0,245,1080,21921,1386,0,3282,1589,1693,440,188,252,0,0,0,10,4,6,472,209,263,24632,4204,13710
India_324254,India,train,18.421373176574708,0,0,3071,27,2049,1106,0,1890,411,1479,553,139,414,0,0,0,0,0,0,211,119,92,6253,2654,1229
India_373039,India,train,43.232876205444335,0,0,40067,32,0,395,0,0,0,0,460,154,306,0,0,0,0,0,0,627,175,452,40494,1087,422
India_383430,India,train,4.821735286712648,175,63,143,255,5528,824,0,21209,3755,17454,2753,579,2174,47,32,15,1,0,1,1009,311,698,6988,25019,14209
India_391908,India,train,4.622779750823976,130,58,319,752,12278,1096,0,9399,1868,7531,978,341,637,256,153,103,14,5,9,877,419,458,14633,11524,14465
India_399883,India,train,3.9631389379501347,929,24521,153,122,508,1777,0,4510,821,3689,2535,620,1915,4360,1757,2603,0,0,0,1002,280,722,28010,12407,123885
India_44475,India,train,25.571020698547365,0,0,4707,0,0,511,0,0,0,0,0,0,0,0,0,0,0,0,0,0,0,0,5218,0,0
India_500266,India,train,5.724765205383302,2,3,513,1234,27040,2135,0,12849,2876,9973,2521,896,1625,7,3,4,25,5,20,777,242,535,30927,16179,22002
India_533192,India,train,4.45199055671692,806,5600,409,1760,3164,312,0,997,183,814,144,15,129,2770,1009,1761,0,0,0,727,246,481,12051,4638,38606
India_534470,India,train,9.045339679718017,0,0,674,225,5691,555,0,4331,1193,3138,80,25,55,0,0,0,2,0,2,135,51,84,7145,4548,2886
India_56450,India,train,26.290299797058104,0,0,10762,2,690,795,0,44,7,37,14,0,14,0,0,0,0,0,0,2,0,2,12249,60,22
India_566697,India,train,5.019330930709841,0,0,178,676,24921,2850,0,5459,1130,4329,643,139,504,0,0,0,1,1,0,530,215,315,28625,6633,8086
India_570384,India,train,5.332713413238532,13,165,527,1057,10909,705,0,4709,1168,3541,210,48,162,123,68,55,2,2,0,411,149,262,13376,5455,9093
India_591317,India,train,8.09852514266968,622,4807,1286,2274,3448,1769,0,2767,699,2068,998,438,560,503,184,319,1,0,1,594,257,337,14206,4863,109176
India_591549,India,train,5.015460729599,0,3,200,647,7766,1603,0,6864,1252,5612,685,162,523,23,19,4,78,8,70,520,135,385,10219,8170,2884
India_592446,India,train,12.371387100219726,372,321,2775,675,1308,2918,0,145,49,96,1016,489,527,1023,656,367,2,0,2,645,226,419,8369,2831,6213
India_59460,India,train,30.393498039245607,0,0,13201,7,106,421,0,105,31,74,108,32,76,0,0,0,0,0,0,1,1,0,13735,214,101
India_624341,India,train,27.48010082244873,0,0,11604,24,119,1083,0,76,20,56,2019,347,1672,0,0,0,0,0,0,482,100,382,12830,2577,647
India_631692,India,train,14.891904354095463,0,0,1803,0,5,1297,0,0,0,0,570,230,340,0,0,0,0,0,0,12,10,2,3105,582,220
India_652725,India,train,8.589241409301765,7,14,736,770,29322,1512,0,6176,1690,4486,1816,480,1336,23,6,17,19,9,10,632,300,332,32361,8666,13129
India_664410,India,train,4.902606678009037,13,0,435,612,44025,505,0,4573,1083,3490,409,162,247,0,0,0,0,0,0,1123,621,502,45590,6105,7421
India_691027,India,train,9.838053703308109,37,0,1334,444,6460,1950,0,2809,577,2232,1273,308,965,0,0,0,5,1,4,557,277,280,10225,4644,3750
India_698338,India,train,5.146919870376588,0,0,201,1385,10714,1246,0,2172,386,1786,165,45,120,0,0,0,9,0,9,969,259,710,13546,3315,6621
India_70352,India,train,5.645892953872681,166,325,702,1745,3230,1093,0,754,192,562,486,204,282,417,242,175,0,0,0,280,133,147,7261,1937,11251
India_707886,India,train,9.936054134368897,69,152,940,166,1629,1066,0,212,135,77,372,244,128,349,263,86,0,0,0,226,133,93,4022,1159,4509
India_73419,India,train,6.174112319946291,0,0,274,460,6910,1042,0,2983,666,2317,1666,261,1405,0,0,0,12,3,9,364,68,296,8686,5025,1227
India_747970,India,train,12.426661682128907,32,11,1142,147,392,1072,0,493,115,378,992,432,560,64,52,12,0,0,0,894,234,660,2796,2443,2564
India_747992,India,train,4.390799236297611,0,0,182,1522,21994,505,0,33749,10257,23492,633,187,446,2,2,0,200,58,142,1463,524,939,24203,36047,81275
India_764946,India,train,20.418943786621092,21,26,3488,7,26,781,0,103,14,89,1205,520,685,163,105,58,0,0,0,72,16,56,4349,1543,1603
India_769408,India,train,5.688087511062623,0,41,205,1282,15972,1039,0,2802,848,1954,367,88,279,25,13,12,8,1,7,540,257,283,18539,3742,4840
India_772630,India,train,42.53149642944336,0,2,16868,25,5,142,0,15,2,13,435,92,343,11,2,9,1,1,0,514,171,343,17042,976,369
India_773682,India,train,5.718415260314942,1,3,534,206,17787,919,0,16258,3200,13058,326,116,210,0,0,0,3,0,3,208,118,90,19450,16795,14164
India_774689,India,train,6.494686317443849,206,5,607,157,21384,2670,0,5043,1563,3480,1304,441,863,414,77,337,8,1,7,410,71,339,25029,7179,11578
India_79637,India,train,24.29694385528565,0,0,2045,142,22979,639,0,2410,530,1880,843,162,681,0,0,0,9,1,8,411,130,281,25805,3673,1492
India_80221,India,train,3.8931570768356334,304,10688,80,4728,414,51,0,179,45,134,131,18,113,1062,334,728,0,0,0,398,160,238,16265,1770,112736
India_804466,India,train,6.259795856475832,24,29,443,592,29791,939,0,19024,4567,14457,737,327,410,228,119,109,13,0,13,831,381,450,31818,20833,29395
India_828067,India,train,7.760475254058839,66,0,679,261,3676,1351,0,1627,417,1210,1009,376,633,0,0,0,7,3,4,708,263,445,6033,3351,3643
India_833266,India,train,6.835967016220094,0,0,607,222,14620,1373,0,11371,2457,8914,658,159,499,0,0,0,27,5,22,88,22,66,16822,12144,6118
India_842775,India,train,5.462044763565063,0,0,254,242,14197,1089,0,3048,598,2450,255,100,155,0,0,0,4,0,4,78,20,58,15782,3385,2544
India_869358,India,train,5.917447090148927,23,0,625,461,40856,600,0,1508,478,1030,61,26,35,0,0,0,0,0,0,596,274,322,42565,2165,2885
India_900498,India,train,5.237329196929933,3406,14937,410,2882,6068,1019,0,4408,653,3755,400,60,340,5432,1480,3952,0,0,0,1518,363,1155,28722,11758,112195
India_91379,India,train,5.494278764724733,25,20,506,857,38215,533,0,10215,2440,7775,527,223,304,33,11,22,34,11,23,1511,492,1019,40156,12320,17274
India_943439,India,train,4.79669303894043,493,71,199,73,7342,1090,0,12590,3895,8695,3396,1091,2305,192,115,77,5,1,4,379,185,194,9268,16562,31047
India_952728,India,train,6.954365205764771,18,4,502,231,13608,755,0,3356,811,2545,168,39,129,12,7,5,5,0,5,139,78,61,15118,3680,2168
India_956930,India,train,3.945306777954104,20,4,196,252,10948,1370,0,16443,3356,13087,3702,1179,2523,85,39,46,0,0,0,794,439,355,12790,21024,19072
India_979278,India,train,5.497549772262576,589,90,246,242,13555,809,0,572,137,435,542,137,405,278,190,88,0,0,0,40,29,11,15531,1432,4005
India_981708,India,train,8.081255722045903,0,0,725,40,12189,1941,0,5856,1277,4579,349,80,269,0,0,0,1,0,1,61,24,37,14895,6267,4079
Pakistan_1027214,Pakistan,train,1.8293695688247682,118,2999,4,17300,17056,245,0,1216,227,989,362,68,294,1912,490,1422,0,0,0,878,262,616,37722,4368,19502
Pakistan_1036366,Pakistan,train,1.3631587862968448,61,2153,0,4143,7039,240,0,2828,543,2285,471,79,392,1558,469,1089,0,0,0,1784,580,1204,13636,6641,16032
Pakistan_132143,Pakistan,train,1.6993223667144777,0,0,4,11049,11779,1020,0,0,0,0,0,0,0,0,0,0,0,0,0,0,0,0,23852,0,0
Pakistan_167553,Pakistan,train,19.309917259216316,0,0,27876,75777,3197,1453,0,0,0,0,1,0,1,0,0,0,36,10,26,423,80,343,108303,460,998
Pakistan_210595,Pakistan,train,20.864069747924813,0,0,10092,3228,35873,19461,0,0,0,0,0,0,0,0,0,0,0,0,0,0,0,0,68654,0,0
Pakistan_211386,Pakistan,train,19.565214157104496,0,0,19413,70351,3573,1201,0,62,32,30,81,7,74,0,0,0,0,0,0,2050,500,1550,94538,2193,4666
Pakistan_246510,Pakistan,train,3.371867275238037,0,27,5264,29314,92667,607,0,142,25,117,56,25,31,201,118,83,28,16,12,926,476,450,127879,1353,9388
Pakistan_246718,Pakistan,train,2.041827178001404,13,313,19,5627,24085,606,0,799,239,560,76,33,43,204,128,76,49,20,29,687,414,273,30663,1815,11311
Pakistan_336228,Pakistan,train,1.7672049164772035,0,0,0,10423,8023,7,0,0,0,0,0,0,0,0,0,0,0,0,0,0,0,0,18453,0,0
Pakistan_35915,Pakistan,train,1.1033095955848695,180,1720,0,7425,17166,281,0,1563,323,1240,25,5,20,1507,496,1011,0,0,0,540,181,359,26772,3635,48666
Pakistan_366265,Pakistan,train,2.0026728868484507,0,0,8,6400,34397,220,0,2,0,2,0,0,0,0,0,0,0,0,0,0,0,0,41025,2,0
Pakistan_401863,Pakistan,train,9.61093797683716,81,275,4262,12944,83505,10079,0,3,3,0,80,43,37,110,80,30,0,0,0,57,30,27,111146,250,3074
Pakistan_43105,Pakistan,train,1.548134100437165,0,0,0,37572,45124,3133,0,171,7,164,23,3,20,0,0,0,0,0,0,7,2,5,85829,201,70
Pakistan_474121,Pakistan,train,9.642650890350346,3423,261,2596,17601,34577,10306,0,0,0,0,236,19,217,225,83,142,0,0,0,274,81,193,68764,735,8158
Pakistan_528249,Pakistan,train,1.13075886964798,0,0,0,5136,7960,53,0,0,0,0,0,0,0,0,0,0,0,0,0,0,0,0,13149,0,0
Pakistan_548910,Pakistan,train,2.429082417488098,0,0,9,23666,20137,256,0,1165,220,945,0,0,0,0,0,0,2,0,2,1,0,1,44068,1168,2271
Pakistan_65724,Pakistan,train,2.6522576332092287,0,0,48,30562,22011,528,0,0,0,0,0,0,0,0,0,0,0,0,0,0,0,0,53149,0,0
Pakistan_664885,Pakistan,train,15.811836814880373,5069,659,724,2573,18213,2803,0,0,0,0,0,0,0,58,12,46,0,0,0,0,0,0,30041,58,2325
Pakistan_667363,Pakistan,train,2.7190719127655036,0,0,1598,30864,11932,233,0,63,1,62,1,0,1,0,0,0,1,0,1,45,23,22,44627,110,1109
Pakistan_694942,Pakistan,train,2.222926902770996,0,0,37,39658,61510,481,0,560,277,283,20,2,18,0,0,0,0,0,0,33,8,25,101686,613,17868
Pakistan_70625,Pakistan,train,2.0603905916213994,1100,243,807,39026,56655,1145,0,26,9,17,14,5,9,144,63,81,222,52,170,406,197,209,98976,812,3855
Pakistan_712873,Pakistan,train,1.9687933444976806,0,0,16,4027,3495,4054,0,311,74,237,25,11,14,0,0,0,6,0,6,253,51,202,11592,595,721
Pakistan_740461,Pakistan,train,2.9044840335845956,0,0,1,63508,23430,228,0,0,0,0,0,0,0,0,0,0,0,0,0,0,0,0,87167,0,0
Pakistan_760290,Pakistan,train,4.134803390502932,0,0,1926,35612,85393,7968,0,0,0,0,0,0,0,0,0,0,0,0,0,0,0,0,130899,0,0
Pakistan_849790,Pakistan,train,0.6269827604293824,0,0,0,62,14608,417,0,91671,8984,82687,5161,628,4533,179,19,160,1,0,1,335,63,272,15087,97347,74561
Pakistan_909806,Pakistan,train,1.6182268738746644,0,0,0,919,1850,17,0,519,130,389,5,0,5,0,0,0,5,0,5,251,13,238,2786,780,634
Pakistan_94095,Pakistan,train,1.5737897515296937,10154,13854,1,10996,19790,118,0,1443,235,1208,89,8,81,2333,428,1905,0,0,0,1747,235,1512,54913,5612,47954
Pakistan_9684,Pakistan,train,1.6131861805915848,0,0,8,1807,11998,43,0,25,17,8,0,0,0,0,0,0,0,0,0,206,96,110,13856,231,965
Paraguay_1019808,Paraguay,train,2.5037365913391123,0,0,23,265,415,26751,0,2,1,1,870,109,761,0,0,0,0,0,0,3,1,2,27454,875,4295
Paraguay_1029042,Paraguay,train,4.852416229248049,118,680,514,61,300,10264,0,54,30,24,1155,528,627,801,459,342,0,0,0,42,26,16,11937,2052,59145
Paraguay_1029191,Paraguay,train,5.3653445720672615,154,327,531,20,75,5862,0,133,74,59,1201,605,596,802,377,425,0,0,0,29,8,21,6969,2165,48171
Paraguay_1056717,Paraguay,train,5.027594327926636,49,414,350,984,225,26595,0,0,0,0,404,133,271,437,300,137,0,0,0,92,56,36,28617,933,4113
Paraguay_1076204,Paraguay,train,4.698141860961915,1246,140,435,469,3092,23447,0,8,8,0,119,69,50,117,71,46,0,0,0,8,4,4,28829,252,2777
Paraguay_11869,Paraguay,train,4.349321889877322,458,3,307,367,24876,18992,0,0,0,0,2,2,0,0,0,0,0,0,0,0,0,0,45003,2,220
Paraguay_126224,Paraguay,train,1.0021788597106944,33,76,107,190,439,29385,0,275,37,238,37316,3021,34295,135,50,85,8,2,6,9,5,4,30230,37743,106639
Paraguay_12870,Paraguay,train,1.0666608691215524,0,0,53,51,2441,58744,0,0,0,0,0,0,0,0,0,0,0,0,0,0,0,0,61289,0,0
Paraguay_148318,Paraguay,train,6.130889368057251,0,0,641,134,7719,9147,0,0,0,0,588,191,397,0,0,0,0,0,0,99,46,53,17641,687,1542
Paraguay_149787,Paraguay,train,5.673772954940798,121,342,424,61,21,6878,0,18,5,13,1460,728,732,615,370,245,0,0,0,87,27,60,7847,2180,37911
Paraguay_149830,Paraguay,train,3.0310232400894224,0,0,261,17,19,13207,0,3,3,0,274,112,162,0,0,0,0,0,0,1,0,1,13504,278,1629
Paraguay_153941,Paraguay,train,2.2882013320922856,0,0,85,473,5534,33251,0,64,38,26,51,29,22,0,0,0,0,0,0,145,104,41,39343,260,381
Paraguay_172476,Paraguay,train,4.241095209121707,0,2,610,532,643,18040,0,3,1,2,894,416,478,5,5,0,0,0,0,22,16,6,19827,924,1891
Paraguay_179624,Paraguay,train,5.3475681304931655,0,0,265,115,1305,11371,0,0,0,0,8,5,3,0,0,0,0,0,0,12,3,9,13056,20,22
Paraguay_191503,Paraguay,train,4.998312997817993,0,0,324,151,16875,20769,0,3,3,0,36,8,28,0,0,0,0,0,0,7,0,7,38119,46,44
Paraguay_198534,Paraguay,train,5.80932765007019,0,41,345,325,18923,10134,0,0,0,0,0,0,0,0,0,0,0,0,0,0,0,0,29768,0,0
Paraguay_205585,Paraguay,train,5.791361379623416,0,0,678,418,2771,20596,0,0,0,0,0,0,0,0,0,0,0,0,0,0,0,0,24463,0,0
Paraguay_212687,Paraguay,train,1.3574002027511598,0,0,1,10,28,30808,0,1,0,1,2618,154,2464,0,0,0,0,0,0,10,7,3,30847,2629,12679
Paraguay_215904,Paraguay,train,3.7811650037765503,0,0,240,500,18236,10793,0,0,0,0,0,0,0,0,0,0,0,0,0,0,0,0,29769,0,0
Paraguay_224845,Paraguay,train,1.1057794570922852,0,0,0,0,39,19354,0,0,0,0,0,0,0,0,0,0,0,0,0,0,0,0,19393,0,0
Paraguay_225187,Paraguay,train,3.7693273067474373,0,0,403,851,124739,7531,0,0,0,0,1,1,0,0,0,0,0,0,0,0,0,0,133524,1,46
Paraguay_232281,Paraguay,train,0.5666779458522797,0,0,0,2,380,56046,0,6,4,2,2166,377,1789,0,0,0,0,0,0,0,0,0,56428,2172,27232
Paraguay_24341,Paraguay,train,3.8859026193618775,107,222,102,70,307,8987,0,166,93,73,2139,1179,960,477,324,153,0,0,0,164,118,46,9795,2946,65407
Paraguay_246154,Paraguay,train,3.3556371688842788,0,0,414,117,298,15112,0,0,0,0,2,2,0,0,0,0,0,0,0,3,3,0,15941,5,31
Paraguay_247656,Paraguay,train,6.707518005371094,205,330,894,827,166,7274,0,1,1,0,579,181,398,275,197,78,0,0,0,5,3,2,9696,860,20116
Paraguay_252217,Paraguay,train,5.09685196876526,0,0,616,2199,12138,18654,0,27,10,17,22,9,13,0,0,0,0,0,0,57,40,17,33607,106,194
Paraguay_271769,Paraguay,train,5.857490110397339,4,216,816,475,94236,7636,0,106,31,75,282,93,189,209,120,89,0,0,0,131,83,48,103383,728,1885
Paraguay_280900,Paraguay,train,5.618278837203979,3,60,426,571,271,25534,0,0,0,0,1865,596,1269,390,248,142,4,0,4,311,190,121,26865,2570,4015
Paraguay_284928,Paraguay,train,1.9477959871292119,0,0,0,17,100,64234,0,0,0,0,0,0,0,0,0,0,0,0,0,0,0,0,64351,0,0
Paraguay_305760,Paraguay,train,0.6078339695930481,0,0,0,4,9,49568,0,0,0,0,10386,147,10239,0,0,0,0,0,0,0,0,0,49581,10386,33405
Paraguay_339807,Paraguay,train,3.813848471641541,68,421,68,172,223,7178,0,247,128,119,2344,1230,1114,648,377,271,0,0,0,205,119,86,8130,3444,54599
Paraguay_34417,Paraguay,train,3.448055863380433,0,0,0,0,0,0,0,0,0,0,0,0,0,0,0,0,0,0,0,0,0,0,0,0,0
Paraguay_36015,Paraguay,train,4.9196982383728045,0,0,584,862,71689,13622,0,0,0,0,0,0,0,0,0,0,0,0,0,0,0,0,86757,0,0
Paraguay_36146,Paraguay,train,6.064093732833863,0,0,1086,6025,24142,18843,0,0,0,0,0,0,0,0,0,0,0,0,0,0,0,0,50096,0,0
Paraguay_403081,Paraguay,train,5.569273138046266,0,56,529,543,1145,17458,0,0,0,0,119,51,68,9,5,4,0,0,0,9,8,1,19731,137,1065
Paraguay_40936,Paraguay,train,5.380496549606323,0,0,524,818,57877,8708,0,0,0,0,0,0,0,0,0,0,0,0,0,0,0,0,67927,0,0
Paraguay_44682,Paraguay,train,2.8209127664566047,0,0,101,208,104,14064,0,0,0,0,618,264,354,0,0,0,0,0,0,5,3,2,14477,623,686
Paraguay_470303,Paraguay,train,1.026546406745911,0,0,1,773,27141,12381,0,1103,200,903,385,51,334,3,0,3,0,0,0,6,3,3,40296,1497,8949
Paraguay_482517,Paraguay,train,4.425583553314209,39,178,267,285,34532,15524,0,29,26,3,1478,547,931,474,323,151,0,0,0,83,46,37,50825,2064,45388
Paraguay_48673,Paraguay,train,4.384727859497071,0,0,255,677,20557,27048,0,1,1,0,18,14,4,0,0,0,0,0,0,13,10,3,48537,32,101
Paraguay_511199,Paraguay,train,4.211088466644288,0,0,168,10,8,21491,0,0,0,0,3157,1109,2048,0,0,0,0,0,0,3,1,2,21677,3160,8384
Paraguay_54421,Paraguay,train,4.788097715377809,0,0,372,289,17004,23003,0,4,4,0,6,3,3,0,0,0,0,0,0,0,0,0,40668,10,30
Paraguay_581976,Paraguay,train,0.7853887200355535,0,0,23,0,131,17089,0,78,11,67,35643,5439,30204,0,0,0,0,0,0,0,0,0,17243,35721,112868
Paraguay_59731,Paraguay,train,5.993390846252442,651,193,320,161,83,8462,0,0,0,0,38,14,24,65,48,17,0,0,0,8,6,2,9870,111,2659
Paraguay_605682,Paraguay,train,0.6494776725769044,0,0,2,14,2283,64603,0,347,154,193,4422,1297,3125,0,0,0,0,0,0,1,0,1,66902,4770,70670
Paraguay_62897,Paraguay,train,1.655123484134674,0,0,2,109,400,44722,0,3,0,3,1995,249,1746,1,1,0,0,0,0,0,0,0,45233,1999,39143
Paraguay_648632,Paraguay,train,0.7172542154788973,0,0,43,189,1135,40259,0,0,0,0,2616,431,2185,0,0,0,0,0,0,0,0,0,41626,2616,15778
Paraguay_651904,Paraguay,train,0.7306886970996856,304,764,35,103,33,21664,0,0,0,0,1781,150,1631,158,99,59,0,0,0,16,12,4,22903,1955,25201
Paraguay_657443,Paraguay,train,4.014084053039551,123,517,377,93,53,6304,0,51,24,27,1534,794,740,729,469,260,0,0,0,31,17,14,7467,2345,62629
Paraguay_683296,Paraguay,train,4.757588815689087,1,0,284,3,15,16224,0,12,10,2,1308,408,900,6,5,1,0,0,0,10,10,0,16527,1336,6073
Paraguay_721886,Paraguay,train,5.050223302841188,0,13,251,96,37,21923,0,0,0,0,3824,1389,2435,11,7,4,0,0,0,51,25,26,22320,3886,7031
Paraguay_76868,Paraguay,train,4.06430606842041,3,105,703,1682,29280,9815,0,26,19,7,400,281,119,110,80,30,0,0,0,2,2,0,41588,538,17145
Paraguay_7894,Paraguay,train,5.190136528015137,0,0,183,3339,336,9446,0,0,0,0,0,0,0,0,0,0,0,0,0,0,0,0,13304,0,0
Paraguay_790830,Paraguay,train,5.960184097290039,83,164,536,2,1153,6815,0,17,9,8,617,246,371,278,120,158,0,0,0,2,1,1,8753,914,31033
Paraguay_791364,Paraguay,train,2.9766543865203863,0,0,127,0,33,7736,0,0,0,0,721,223,498,0,0,0,0,0,0,0,0,0,7896,721,485
Paraguay_792268,Paraguay,train,3.142005729675294,111,141,38,3574,2938,26304,0,0,0,0,184,32,152,50,38,12,2,2,0,19,13,6,33106,255,1091
Paraguay_795075,Paraguay,train,6.434095716476443,0,166,808,40,101,16512,0,0,0,0,474,69,405,14,8,6,0,0,0,20,11,9,17627,508,2913
Paraguay_80102,Paraguay,train,5.153210449218754,0,0,310,82,1466,17770,0,0,0,0,7,5,2,0,0,0,0,0,0,7,5,2,19628,14,8
Paraguay_822142,Paraguay,train,3.5976246356964117,145,557,129,184,354,15984,0,170,105,65,2242,1233,1009,440,282,158,0,0,0,182,108,74,17353,3034,77156
Paraguay_868895,Paraguay,train,4.841961812973023,1035,918,237,274,16,15712,0,6,5,1,3227,708,2519,164,74,90,0,0,0,52,28,24,18192,3449,12338
Paraguay_892933,Paraguay,train,3.8664327621459975,0,0,465,1374,42027,34408,0,241,34,207,1368,116,1252,0,0,0,0,0,0,14,0,14,78274,1623,24947
Paraguay_896458,Paraguay,train,3.6629329681396485,54,254,143,17,142,8371,0,83,38,45,1337,372,965,349,222,127,0,0,0,26,20,6,8981,1795,47504
Paraguay_913449,Paraguay,train,4.338770437240601,3,219,307,796,1008,26735,0,7,2,5,1508,538,970,178,76,102,0,0,0,450,236,214,29068,2143,3374
Paraguay_921838,Paraguay,train,0.6330814123153687,0,0,41,4195,110020,7115,0,16,13,3,692,46,646,0,0,0,0,0,0,88,84,4,121371,796,6554
Paraguay_934240,Paraguay,train,1.851880812644959,0,0,3,66,77,56655,0,0,0,0,5617,104,5513,0,0,0,0,0,0,0,0,0,56801,5617,14741
Paraguay_989230,Paraguay,train,4.432941055297853,138,567,184,908,767,12334,0,227,41,186,1407,233,1174,702,331,371,0,0,0,68,30,38,14898,2404,34187
Paraguay_997480,Paraguay,train,1.9200558304786688,0,2,143,135,1792,22351,0,0,0,0,3382,1021,2361,5,3,2,0,0,0,3,2,1,24423,3390,16557
Somalia_1068756,Somalia,train,0.9867389917373659,0,0,0,2720,41704,23096,0,1631,1021,610,107,76,31,0,0,0,0,0,0,0,0,0,67520,1738,4757
Somalia_1087508,Somalia,train,1.1818139195442199,0,65,0,2073,81515,29230,0,891,504,387,167,74,93,15,5,10,0,0,0,23,6,17,112883,1096,8925
Somalia_12849,Somalia,train,1.0955980896949773,0,57,0,572,72876,35160,0,5429,3137,2292,1565,640,925,1,1,0,3,2,1,3,3,0,108665,7001,30191
Somalia_166342,Somalia,train,1.3521446347236634,0,0,0,3586,0,50617,0,0,0,0,9,5,4,0,0,0,0,0,0,0,0,0,54203,9,3
Somalia_167787,Somalia,train,1.1433723092079169,0,0,0,200,105859,27959,0,5,5,0,1,1,0,0,0,0,0,0,0,0,0,0,134018,6,219
Somalia_195014,Somalia,train,1.4639480590820313,0,0,0,0,807,17482,0,0,0,0,0,0,0,0,0,0,0,0,0,0,0,0,18289,0,0
Somalia_205466,Somalia,train,0.9711929559707642,0,0,0,0,1984,32457,0,7,4,3,55,24,31,0,0,0,0,0,0,0,0,0,34441,62,31
Somalia_230192,Somalia,train,1.1606893181800844,0,0,0,14,18180,96229,0,0,0,0,5,5,0,0,0,0,0,0,0,0,0,0,114423,5,53
Somalia_256539,Somalia,train,1.071488177776337,0,4,0,720,53586,22254,0,7,1,6,5,3,2,0,0,0,0,0,0,0,0,0,76564,12,11
Somalia_295782,Somalia,train,0.9810883641242987,0,1090,0,46,62556,26222,0,2729,1526,1203,2019,826,1193,217,90,127,0,0,0,0,0,0,89914,4965,11274
Somalia_322855,Somalia,train,1.703976619243622,0,0,0,0,6713,4026,0,6473,2813,3660,1561,689,872,0,0,0,0,0,0,0,0,0,10739,8034,36703
Somalia_32375,Somalia,train,1.4218236565589908,0,0,12,5195,91,61362,0,0,0,0,1,1,0,0,0,0,0,0,0,0,0,0,66660,1,0
Somalia_371421,Somalia,train,2.1058413028717045,0,0,18,25946,8150,38819,0,8083,3402,4681,3548,1219,2329,0,0,0,0,0,0,0,0,0,72933,11631,23047
Somalia_60129,Somalia,train,7.179796981811523,0,0,547,19251,35,45015,0,0,0,0,182,66,116,0,0,0,0,0,0,124,49,75,64848,306,371
Somalia_61368,Somalia,train,1.3814473867416384,0,0,0,25,343,34268,0,0,0,0,0,0,0,0,0,0,0,0,0,0,0,0,34636,0,0
Somalia_626316,Somalia,train,1.2523726820945744,0,0,0,116,33797,35437,0,2879,2034,845,84,50,34,0,0,0,0,0,0,0,0,0,69350,2963,18764
Somalia_649376,Somalia,train,1.004022252559662,0,0,0,139,28115,55551,0,1385,553,832,1081,213,868,0,0,0,0,0,0,0,0,0,83805,2466,2721
Somalia_685158,Somalia,train,1.0980603814125063,0,23,7,60,12575,12886,0,5174,1980,3194,491,266,225,107,80,27,0,0,0,0,0,0,25551,5772,19482
Somalia_699062,Somalia,train,1.072946882247925,0,0,0,720,5490,22251,0,808,486,322,179,103,76,0,0,0,0,0,0,0,0,0,28461,987,2303
Somalia_7931,Somalia,train,1.3226522445678712,0,0,0,75,57,8337,0,0,0,0,0,0,0,0,0,0,0,0,0,0,0,0,8469,0,0
Somalia_886726,Somalia,train,1.7982035398483278,0,0,5,331,2487,33424,0,6907,5129,1778,29857,20418,9439,0,0,0,0,0,0,0,0,0,36247,36764,46231
Somalia_93023,Somalia,train,1.511851143836975,0,0,0,0,21474,66430,0,0,0,0,0,0,0,0,0,0,0,0,0,0,0,0,87904,0,0
Somalia_94102,Somalia,train,8.751183128356935,0,0,219,3902,1172,41668,0,1231,793,438,2735,1680,1055,0,0,0,0,0,0,0,0,0,46961,3966,8728
Somalia_970508,Somalia,train,1.7299391746520998,0,108,110,23882,6122,51145,0,9753,4636,5117,9018,3339,5679,318,210,108,632,1,631,10,4,6,81367,19731,18381
Somalia_989553,Somalia,train,4.603187561035157,0,0,360,9308,15,22664,0,0,0,0,2294,32,2262,0,0,0,0,0,0,0,0,0,32347,2294,13
Somalia_992457,Somalia,train,1.235667109489441,0,0,0,12,69719,6619,0,1897,859,1038,389,198,191,0,0,0,0,0,0,0,0,0,76350,2286,5566
Sri-Lanka_101973,Sri-Lanka,train,3.513161897659302,11,67,53,607,42141,15318,0,255,52,203,496,365,131,0,0,0,105,79,26,237,176,61,58197,1093,1865
Sri-Lanka_1038087,Sri-Lanka,train,6.2968005657196064,39,114,774,260,30770,4504,0,3114,789,2325,83,39,44,56,25,31,1,0,1,0,0,0,36461,3254,14858
Sri-Lanka_1049830,Sri-Lanka,train,3.3514690160751344,4006,837,145,1152,3503,3801,0,3,3,0,269,139,130,17,11,6,5,0,5,76,27,49,13444,370,2207
Sri-Lanka_117737,Sri-Lanka,train,10.555080413818368,49,15,1355,133,33517,5383,0,846,241,605,646,283,363,1,1,0,113,48,65,298,162,136,40452,1904,4827
Sri-Lanka_120804,Sri-Lanka,train,6.384448480606079,85,23,845,187,60005,3569,0,1249,278,971,472,116,356,35,23,12,1,1,0,19,1,18,64714,1776,5182
Sri-Lanka_132922,Sri-Lanka,train,5.402228355407716,3,13,426,205,37467,9236,0,4005,1071,2934,1043,502,541,0,0,0,144,90,54,306,217,89,47350,5498,12345
Sri-Lanka_135713,Sri-Lanka,train,30.12520236968994,0,4,1843,4,54,139,0,0,0,0,0,0,0,0,0,0,0,0,0,0,0,0,2044,0,0
Sri-Lanka_14484,Sri-Lanka,train,6.361534023284913,27,86,140,450,2544,2121,0,25750,2950,22800,2954,582,2372,194,46,148,33,5,28,53,22,31,5368,28984,9882
Sri-Lanka_152185,Sri-Lanka,train,17.562504577636737,0,24,4751,776,1234,9836,0,1,0,1,246,88,158,51,26,25,0,0,0,52,16,36,16621,350,1848
Sri-Lanka_163406,Sri-Lanka,train,4.420573425292969,0,30,108,852,1406,20823,0,49,15,34,1107,279,828,32,17,15,0,0,0,7,1,6,23219,1195,3875
Sri-Lanka_178753,Sri-Lanka,train,28.431540489196777,0,0,2053,3,409,484,0,229,44,185,225,40,185,0,0,0,0,0,0,0,0,0,2949,454,191
Sri-Lanka_233609,Sri-Lanka,train,8.858615875244144,156,31,1924,399,44033,5776,0,680,208,472,505,89,416,56,21,35,1,1,0,30,11,19,52319,1272,5605
Sri-Lanka_236030,Sri-Lanka,train,19.23603630065918,4,5,2318,30,15,584,0,0,0,0,386,163,223,84,59,25,1,0,1,106,37,69,2956,577,1136
Sri-Lanka_236628,Sri-Lanka,train,4.212987470626832,73,20,26,99,5945,2324,0,70,11,59,1266,150,1116,80,60,20,0,0,0,0,0,0,8487,1416,1665
Sri-Lanka_249079,Sri-Lanka,train,27.96975212097168,0,0,5386,30,89,583,0,0,0,0,4,0,4,0,0,0,0,0,0,4,0,4,6088,8,3
Sri-Lanka_31559,Sri-Lanka,train,26.963711929321292,0,0,4570,52,53,256,0,0,0,0,428,36,392,0,0,0,0,0,0,1,1,0,4931,429,35
Sri-Lanka_321316,Sri-Lanka,train,2.0582965135574343,937,1208,58,6115,12021,36699,0,62,24,38,3938,1778,2160,788,276,512,8,0,8,436,199,237,57038,5232,91673
Sri-Lanka_377277,Sri-Lanka,train,5.325016260147096,470,175,145,1131,7291,3010,0,987,204,783,751,192,559,398,189,209,0,0,0,13,6,7,12222,2149,6454
Sri-Lanka_400518,Sri-Lanka,train,6.453582334518433,14,5,591,85,889,1352,0,223,113,110,428,255,173,91,47,44,0,0,0,23,11,12,2936,765,1615
Sri-Lanka_450918,Sri-Lanka,train,31.393042182922375,0,0,4581,16,0,151,0,23,1,22,3878,311,3567,0,0,0,26,3,23,27,9,18,4748,3954,323
Sri-Lanka_49764,Sri-Lanka,train,27.15387172698975,0,0,5558,4,150,377,0,0,0,0,2321,186,2135,0,0,0,0,0,0,34,2,32,6089,2355,131
Sri-Lanka_52223,Sri-Lanka,train,5.390087509155274,0,0,114,318,1367,14945,0,0,0,0,0,0,0,0,0,0,0,0,0,0,0,0,16744,0,0
Sri-Lanka_523539,Sri-Lanka,train,4.625190687179566,800,35,220,7629,1338,4752,0,14748,1460,13288,1641,267,1374,16,12,4,29,7,22,114,64,50,14774,16548,8121
Sri-Lanka_534068,Sri-Lanka,train,0.0,113,135,0,128,1,1299,0,5,2,3,74,21,53,262,62,200,0,0,0,30,7,23,1676,371,256897
Sri-Lanka_551926,Sri-Lanka,train,3.3353061914443973,57,651,3,814,25694,42914,0,11,5,6,3353,1508,1845,192,131,61,3,3,0,11,3,8,70133,3570,16030
Sri-Lanka_55568,Sri-Lanka,train,2.810228204727173,161,16,2,46,301,2421,0,11,6,5,574,222,352,8,7,1,0,0,0,1,1,0,2947,594,14674
Sri-Lanka_579082,Sri-Lanka,train,6.428475427627563,8,24,209,114,1407,3684,0,5758,615,5143,1310,417,893,7,7,0,4,1,3,23,5,18,5446,7102,7364
Sri-Lanka_612594,Sri-Lanka,train,5.845760393142704,476,506,2524,207,525,37112,0,1,1,0,134,78,56,17,16,1,0,0,0,0,0,0,41350,152,42973
Sri-Lanka_63307,Sri-Lanka,train,3.7714547157287597,0,0,56,391,8708,88589,0,1138,265,873,1003,143,860,0,0,0,4,0,4,128,57,71,97744,2273,4732
Sri-Lanka_649970,Sri-Lanka,train,6.666930341720581,628,366,384,65,16365,2042,0,6631,1830,4801,639,139,500,63,25,38,0,0,0,21,12,9,19850,7354,9989
Sri-Lanka_653336,Sri-Lanka,train,4.882446241378784,8901,482,394,236,31635,9244,0,573,247,326,820,464,356,249,157,92,0,0,0,4,1,3,50892,1646,16336
Sri-Lanka_713926,Sri-Lanka,train,3.5330740690231357,991,243,307,16467,570,28390,0,0,0,0,484,244,240,371,290,81,47,33,14,63,50,13,46968,965,79541
Sri-Lanka_748447,Sri-Lanka,train,11.528835391998308,45,149,1139,114,1239,2235,0,35,9,26,331,157,174,27,13,14,0,0,0,6,6,0,4921,399,820
Sri-Lanka_845821,Sri-Lanka,train,0.0,228,67,221,1007,0,92,0,0,0,0,91,32,59,236,131,105,0,0,0,37,19,18,1615,364,234182
Sri-Lanka_847275,Sri-Lanka,train,5.074654436111452,295,305,346,1232,877,3954,0,7526,512,7014,3555,981,2574,650,199,451,32,19,13,356,142,214,7009,12119,38345
Sri-Lanka_849649,Sri-Lanka,train,11.005885887145999,14,7,1190,33,257,1025,0,88,51,37,271,130,141,56,38,18,0,0,0,46,13,33,2526,461,1431
Sri-Lanka_85652,Sri-Lanka,train,23.649409675598143,0,1,2503,48,2082,637,0,217,85,132,1309,106,1203,7,3,4,3,1,2,34,5,29,5271,1570,371
Sri-Lanka_883641,Sri-Lanka,train,11.566746139526368,0,121,6050,1328,1070,14858,0,1,0,1,450,218,232,87,54,33,0,0,0,4,2,2,23427,542,12958
Sri-Lanka_916628,Sri-Lanka,train,14.669274997711183,17,37,1739,862,142,1128,0,1149,291,858,20522,6283,14239,2465,1164,1301,447,44,403,2058,456,1602,3925,26641,54883
Sri-Lanka_922192,Sri-Lanka,train,6.079263639450075,360,92,360,406,5422,3505,0,56,11,45,63,38,25,3,1,2,0,0,0,4,2,2,10145,126,904
Sri-Lanka_92824,Sri-Lanka,train,5.952763843536378,17,9,272,228,1695,1753,0,30252,4250,26002,2796,501,2295,147,78,69,1,1,0,117,52,65,3974,33313,22077
Sri-Lanka_956740,Sri-Lanka,train,3.9836079835891725,649,168,19,13,316,692,0,10,3,7,170,86,84,193,132,61,0,0,0,1,1,0,1857,374,7544
USA_1010394,USA,train,5.050753784179688,0,61,762,1909,37929,22686,0,0,0,0,245,151,94,21,10,11,0,0,0,18,16,2,63347,284,1197
USA_1039203,USA,train,4.240104246139529,6,57,606,5252,27934,17505,0,4,1,3,60,31,29,7,5,2,0,0,0,69,23,46,51360,140,1471
USA_1049586,USA,train,7.019321680068971,24,237,1018,5996,2951,17977,0,2,2,0,142,114,28,48,38,10,1,0,1,36,23,13,28203,229,1893
USA_1068362,USA,train,10.995619773864748,81,201,5560,921,8731,26973,0,1165,685,480,3461,1392,2069,92,55,37,7,0,7,80,60,20,42467,4805,26377
USA_1082482,USA,train,12.291013717651367,8,67,5746,738,6384,13563,0,103,53,50,508,189,319,75,55,20,0,0,0,21,12,9,26506,707,1499
USA_11422,USA,train,14.022537803649907,211,837,8502,1986,27951,7187,0,524,339,185,349,130,219,589,289,300,14,2,12,16,7,9,46674,1492,34528
USA_114964,USA,train,7.879361963272096,0,0,2468,1680,20022,14777,0,0,0,0,46,30,16,0,0,0,0,0,0,14,10,4,38947,60,294
USA_115033,USA,train,7.113032484054568,6,108,1631,875,9727,20504,0,2,1,1,563,270,293,12,10,2,0,0,0,21,15,6,32851,598,1761
USA_170264,USA,train,7.902155399322511,52,163,2571,11527,8722,16958,0,2828,1336,1492,2869,1190,1679,11,8,3,51,8,43,203,57,146,39993,5962,37573
USA_179917,USA,train,9.228729629516604,0,205,5014,9028,75,20610,0,0,0,0,19,11,8,5,5,0,0,0,0,0,0,0,34932,24,487
USA_181263,USA,train,4.068869543075562,0,32,431,1512,41024,13368,0,3,2,1,105,85,20,2,2,0,0,0,0,57,48,9,56367,167,898
USA_181503,USA,train,6.417457580566406,0,30,1727,452,23126,37917,0,0,0,0,109,88,21,4,3,1,0,0,0,18,14,4,63252,131,1063
USA_19225,USA,train,8.020148754119875,0,38,2884,1342,18265,24855,0,4,4,0,123,64,59,20,13,7,0,0,0,11,10,1,47384,158,1233
USA_198411,USA,train,6.014846611022953,22,38,380,230,5627,6291,0,1,0,1,1531,534,997,182,128,54,2,1,1,10,5,5,12588,1726,7011
USA_211406,USA,train,4.869464349746704,7,84,407,1098,20022,20973,0,17,9,8,70,45,25,9,9,0,0,0,0,13,8,5,42591,109,1021
USA_217598,USA,train,9.33729944229126,14,53,2902,564,4619,27111,0,2860,1040,1820,6788,2807,3981,67,44,23,319,64,255,128,51,77,35263,10162,35089
USA_224165,USA,train,5.497840452194215,0,7,400,508,34748,5782,0,0,0,0,6,6,0,0,0,0,0,0,0,1,1,0,41445,7,154
USA_225017,USA,train,8.116482257843018,12,639,1279,1646,18208,11455,0,502,142,360,353,191,162,652,416,236,1,1,0,51,28,23,33239,1559,15221
USA_231124,USA,train,7.202501440048219,0,3,781,1027,3688,10220,0,19,16,3,2921,458,2463,1,1,0,10,3,7,38,12,26,15719,2989,850
USA_232060,USA,train,6.429285335540772,20,103,1472,1247,38122,20823,0,47,17,30,244,135,109,15,10,5,0,0,0,38,31,7,61787,344,1369
USA_251323,USA,train,6.209846639633179,28,0,744,448,30160,9007,0,44,15,29,96,63,33,0,0,0,0,0,0,5,5,0,40387,145,550
USA_260929,USA,train,16.156546020507818,5,2,11242,318,12295,10306,0,132,50,82,1627,457,1170,1,1,0,20,0,20,210,108,102,34168,1990,3030
USA_275372,USA,train,7.693054389953615,4,21,2062,599,7311,28084,0,21,15,6,1153,271,882,13,8,5,6,3,3,52,35,17,38081,1245,1477
USA_308150,USA,train,8.238430309295657,56,271,3137,3910,4698,34088,0,0,0,0,229,140,89,41,33,8,0,0,0,16,12,4,46160,286,2621
USA_347609,USA,train,11.09611330032349,42,172,2995,703,3605,23107,0,26,17,9,387,225,162,32,26,6,0,0,0,11,8,3,30624,456,1186
USA_348639,USA,train,10.014220333099372,8,602,4115,5065,25847,17270,0,867,391,476,2174,662,1512,878,437,441,16,6,10,57,28,29,52907,3992,23162
USA_350244,USA,train,10.682637405395509,18,31,8812,6976,7066,23118,0,22,8,14,350,180,170,20,15,5,0,0,0,7,5,2,46021,399,886
USA_354981,USA,train,7.524955701828004,14,110,2700,11191,3037,28171,0,0,0,0,252,117,135,17,12,5,88,8,80,8,7,1,45223,365,1359
USA_366607,USA,train,9.488856697082523,41,191,2306,915,4473,21088,0,161,82,79,1583,844,739,1287,713,574,5,0,5,81,65,16,29014,3117,46208
USA_375183,USA,train,7.304709100723268,2,273,1742,6704,9212,26776,0,2,0,2,2185,529,1656,176,117,59,9,6,3,117,56,61,44709,2489,4029
USA_387945,USA,train,7.4130775451660185,0,0,3071,605,26606,9232,0,1139,316,823,748,310,438,0,0,0,0,0,0,38,23,15,39514,1925,11528
USA_430764,USA,train,10.171675777435311,0,2,3517,1356,46707,3191,0,1532,796,736,212,104,108,3,3,0,14,8,6,96,60,36,54773,1857,13582
USA_438959,USA,train,6.271385192871094,31,554,1357,3744,7771,38067,0,0,0,0,143,102,41,253,208,45,0,0,0,28,24,4,51524,424,5879
USA_486103,USA,train,8.604017448425292,20,183,3986,6427,9407,36088,0,132,56,76,4076,1190,2886,84,65,19,31,7,24,46,33,13,56111,4369,2873
USA_504150,USA,train,6.576489877700806,26,385,2431,25203,1634,32369,0,16,15,1,181,120,61,140,86,54,9,3,6,40,18,22,62048,386,2876
USA_519181,USA,train,7.515206146240235,37,379,2537,17702,4515,23233,0,1,1,0,257,153,104,66,48,18,3,0,3,15,11,4,48403,342,1810
USA_527077,USA,train,4.638774251937867,1,83,543,3579,47452,18643,0,15,9,6,149,100,49,31,23,8,0,0,0,33,26,7,70301,228,1418
USA_58086,USA,train,5.805962562561041,10,76,1268,1618,23173,35381,0,313,165,148,303,193,110,23,18,5,5,5,0,48,39,9,61526,692,15202
USA_595451,USA,train,10.504484939575198,0,3,4177,764,30149,13090,0,363,263,100,3235,732,2503,2,2,0,17,1,16,58,26,32,48183,3675,16856
USA_604222,USA,train,6.017763233184818,0,216,2059,6002,56039,12549,0,47,13,34,2266,373,1893,138,97,41,19,6,13,66,28,38,76865,2536,4105
USA_605492,USA,train,9.154898071289063,27,108,3966,752,34604,15940,0,86,38,48,1066,312,754,23,20,3,0,0,0,25,22,3,55397,1200,1831
USA_638521,USA,train,6.87877345085144,0,1,2397,786,23160,27420,0,358,112,246,2212,667,1545,0,0,0,12,2,10,219,144,75,53764,2801,2363
USA_646878,USA,train,11.584853935241702,0,5,7393,1097,24808,11804,0,123,61,62,389,116,273,0,0,0,0,0,0,7,6,1,45107,519,1905
USA_652955,USA,train,7.153612041473391,0,14,2828,753,39271,5861,0,542,163,379,1125,398,727,1,1,0,6,3,3,168,106,62,48727,1842,6685
USA_655230,USA,train,7.3731824874878065,0,95,1801,814,17024,15129,0,1,1,0,171,102,69,27,15,12,0,0,0,37,23,14,34863,236,909
USA_66026,USA,train,5.942007207870484,9,22,926,1202,24919,16274,0,7,5,2,114,72,42,2,1,1,0,0,0,13,8,5,43352,136,851
USA_664261,USA,train,4.9777096271514925,1,211,823,1137,47780,17590,0,10,2,8,212,119,93,105,66,39,14,4,10,101,53,48,67542,442,4373
USA_66511,USA,train,9.947168636322022,1,53,6941,1293,21173,6582,0,44,13,31,1379,554,825,8,3,5,6,3,3,91,39,52,36043,1528,1199
USA_670826,USA,train,7.9811060428619385,4,17,1936,451,18381,12269,0,50,9,41,2096,394,1702,8,7,1,1,0,1,77,45,32,33058,2232,778
USA_67102,USA,train,11.485766506195068,182,571,5874,1063,16479,17669,0,0,0,0,158,85,73,285,148,137,1,1,0,12,8,4,41838,456,9035
USA_693819,USA,train,7.43587760925293,9,23,1632,907,10103,23886,0,10,6,4,561,274,287,36,29,7,0,0,0,45,32,13,36560,652,1802
USA_741073,USA,train,6.570045185089112,25,277,1593,1059,12548,48498,0,13,11,2,408,256,152,51,34,17,0,0,0,39,25,14,64000,511,2864
USA_741178,USA,train,7.88909091949463,1,35,4428,8799,16629,18540,0,255,11,244,191,105,86,20,17,3,0,0,0,1,1,0,48432,467,979
USA_758178,USA,train,8.773522472381591,8,75,3385,1444,18585,26637,0,2,2,0,645,157,488,11,6,5,0,0,0,12,12,0,50134,670,947
USA_761032,USA,train,10.246256351470947,0,1,3324,628,8052,22526,0,749,304,445,3576,1068,2508,0,0,0,0,0,0,58,35,23,34531,4383,7734
USA_770353,USA,train,11.212415599823006,19,627,4227,4652,27768,9180,0,1430,772,658,383,190,193,395,259,136,13,3,10,111,83,28,46473,2332,32095
USA_778194,USA,train,3.989289212226869,25,546,603,4197,32005,34595,0,10,9,1,26,21,5,86,71,15,0,0,0,24,23,1,71971,146,3692
USA_788696,USA,train,6.429417943954468,282,169,1591,1750,4631,11839,0,149,89,60,3734,1191,2543,1256,784,472,94,36,58,260,90,170,20262,5493,105955
USA_806273,USA,train,10.004956436157228,6,117,4546,688,10257,17188,0,92,22,70,3208,685,2523,67,43,24,1,0,1,36,22,14,32802,3404,2383
USA_826217,USA,train,8.67983045578003,15,51,2848,823,9453,28077,0,151,68,83,257,140,117,22,13,9,0,0,0,39,22,17,41267,469,4029
USA_831672,USA,train,12.158024501800538,0,27,6030,676,7679,25132,0,1802,627,1175,4199,1601,2598,11,8,3,14,3,11,241,174,67,39544,6267,14690
USA_84195,USA,train,4.138095617294313,25,251,574,1157,29499,25717,0,17,11,6,344,161,183,26,22,4,0,0,0,58,31,27,57223,445,3366
USA_86502,USA,train,8.114908409118655,26,255,8289,1790,57276,14194,0,3957,1001,2956,521,172,349,737,188,549,7,0,7,171,35,136,81830,5393,60969
USA_905409,USA,train,7.6274541378021254,51,607,1834,1783,4699,25296,0,4,3,1,391,215,176,774,500,274,3,3,0,60,42,18,34270,1232,43235
USA_908474,USA,train,7.591406774520877,28,23,8468,9416,16204,65627,0,1,0,1,150,47,103,14,3,11,3,1,2,31,8,23,99766,199,1647
USA_933610,USA,train,7.392333984375002,40,256,1863,1584,9692,32182,0,1,0,1,112,85,27,90,66,24,0,0,0,31,28,3,45617,234,3589
USA_955053,USA,train,8.870031356811523,3,2,3054,1070,44732,18398,0,780,470,310,4609,1104,3505,36,17,19,9,5,4,25,17,8,67259,5459,30379
USA_986268,USA,train,9.837644195556642,0,5,1793,370,5118,13460,0,2302,959,1343,1778,631,1147,10,6,4,0,0,0,24,14,10,20746,4114,4978
USA_994009,USA,train,8.041061973571779,53,46,2506,1331,7060,31952,0,2,0,2,173,102,71,21,13,8,0,0,0,54,37,17,42948,250,1647
Nigeria_1095404,Nigeria,valid,4.523618173599243,0,0,265,1028,17780,10341,0,3592,2364,1228,3380,2305,1075,0,0,0,0,0,0,13,5,8,29414,6985,39106
Nigeria_143329,Nigeria,valid,3.6215612888336195,0,0,73,509,10314,5748,0,59,20,39,1591,747,844,0,0,0,0,0,0,3,3,0,16644,1653,1124
Nigeria_22088,Nigeria,valid,6.303467702865601,0,0,1593,722,15708,10561,0,11,9,2,30,23,7,0,0,0,0,0,0,3,2,1,28584,44,126
Nigeria_225131,Nigeria,valid,3.474690866470337,0,0,55,118,4023,5135,0,6,3,3,745,251,494,0,0,0,0,0,0,0,0,0,9331,751,380
Nigeria_31096,Nigeria,valid,5.641521215438844,0,0,159,465,882,2987,0,67,29,38,292,100,192,0,0,0,4,2,2,176,121,55,4493,539,277
Nigeria_35845,Nigeria,valid,5.934144830703736,0,0,86,69,35,1081,0,5,1,4,158,41,117,0,0,0,0,0,0,42,22,20,1271,205,81
Nigeria_417184,Nigeria,valid,4.164885187149048,0,17,240,1059,8741,595,0,88,39,49,24,12,12,0,0,0,0,0,0,14,7,7,10652,126,1258
Nigeria_439488,Nigeria,valid,4.547056198120118,0,0,166,709,23313,3286,0,943,157,786,58,5,53,0,0,0,0,0,0,0,0,0,27474,1001,467
Nigeria_529525,Nigeria,valid,4.656276893615724,2,5,86,53,2489,651,0,7096,3518,3578,52670,21662,31008,123,64,59,0,0,0,198,107,91,3286,60087,163564
Nigeria_598959,Nigeria,valid,4.489458131790161,0,0,518,138,23980,1136,0,17463,1849,15614,155,54,101,0,0,0,0,0,0,2,0,2,25772,17620,28908
Nigeria_600295,Nigeria,valid,8.418941593170171,72,32,2785,1341,12202,856,0,3717,1413,2304,805,295,510,105,65,40,0,0,0,1192,530,662,17288,5819,77842
Nigeria_707067,Nigeria,valid,14.039418506622315,0,0,4938,658,8684,5105,0,1103,514,589,975,372,603,0,0,0,5,2,3,353,162,191,19385,2436,1320
Nigeria_78061,Nigeria,valid,6.106438112258914,0,0,433,1069,4539,3752,0,231,75,156,367,198,169,0,0,0,1,0,1,175,122,53,9793,774,4720
Nigeria_812045,Nigeria,valid,4.074569272994996,0,111,670,1589,10551,6908,0,6351,3039,3312,877,512,365,124,66,58,2,2,0,2117,1162,955,19829,9471,110112
Nigeria_81933,Nigeria,valid,4.609266090393068,151,145,103,9,2646,4048,0,8197,5311,2886,52448,21462,30986,880,541,339,260,15,245,106,52,54,7102,61891,116059
Nigeria_820924,Nigeria,valid,4.575387048721313,0,0,131,504,9905,4539,0,7,1,6,716,316,400,0,0,0,0,0,0,0,0,0,15079,723,453
Nigeria_952958,Nigeria,valid,5.881676816940309,0,1,545,750,6121,3450,0,920,249,671,454,188,266,4,3,1,6,5,1,248,178,70,10867,1632,8103
Nigeria_984831,Nigeria,valid,3.0563255548477173,0,43,11,18,1986,667,0,7416,3683,3733,45555,21361,24194,394,292,102,2,0,2,207,106,101,2725,53574,168106
Spain_1167260,Spain,valid,2.285982990264893,0,17,104,14979,32529,6658,0,3599,1496,2103,726,237,489,6,2,4,430,42,388,2827,1117,1710,54287,7588,34931
Spain_1199913,Spain,valid,6.522340154647828,99,345,2465,27403,11442,20622,0,413,172,241,702,351,351,87,44,43,13,5,8,383,198,185,62376,1598,8492
Spain_2472849,Spain,valid,5.75845222473145,0,139,1603,25031,14616,6355,0,0,0,0,0,0,0,0,0,0,1,1,0,0,0,0,47744,1,19
Spain_2523247,Spain,valid,22.931148529052752,0,174,11956,29745,20442,8070,0,103,47,56,149,49,100,215,108,107,22,5,17,330,114,216,70387,819,1610
Spain_2594119,Spain,valid,14.185077190399175,68,1197,8273,15751,13878,15574,0,2,1,1,9,4,5,238,121,117,0,0,0,103,57,46,54741,352,2525
Spain_2938657,Spain,valid,14.598466300964358,35,209,10705,18723,2577,7334,0,0,0,0,178,91,87,111,86,25,43,18,25,149,107,42,39583,481,9291
Spain_3285448,Spain,valid,6.259786558151248,32,587,1136,19537,3672,7167,0,7,1,6,142,22,120,375,210,165,7,4,3,95,38,57,32131,626,55763
Spain_337094,Spain,valid,9.498674201965333,15,803,5170,13860,10593,9486,0,3119,1542,1577,1499,534,965,209,111,98,440,35,405,2901,1162,1739,39927,8168,17907
Spain_4282030,Spain,valid,2.460239338874818,205,713,160,24013,15814,11694,0,3087,1188,1899,2338,921,1417,414,252,162,184,19,165,2367,918,1449,52599,8390,89741
Spain_4915752,Spain,valid,2.604431819915772,66,378,35,22510,26634,8772,0,5,5,0,117,38,79,137,69,68,0,0,0,46,41,5,58395,305,7359
Spain_5650136,Spain,valid,1.6878935456275943,2029,1417,0,5250,3090,7795,0,0,0,0,1776,849,927,1312,917,395,38,33,5,225,139,86,19581,3351,100856
Spain_5678382,Spain,valid,29.097902297973633,0,278,13841,15297,18192,5654,0,386,200,186,570,189,381,182,70,112,169,30,139,281,133,148,53262,1588,1982
Spain_5816638,Spain,valid,9.827952766418457,0,79,7005,23994,5466,12516,0,0,0,0,1,0,1,63,28,35,4,2,2,58,17,41,49060,126,253
Spain_5923267,Spain,valid,2.1500184297561646,798,721,10,4341,289,902,0,0,0,0,241,164,77,421,344,77,28,25,3,210,142,68,7061,900,200813
Spain_6095801,Spain,valid,3.5984995126724257,0,337,323,12899,26166,4507,0,3762,1548,2214,1037,312,725,223,132,91,113,30,83,1729,530,1199,44232,6864,15872
Spain_6199994,Spain,valid,5.381493234634401,0,397,1555,20515,8130,12903,0,0,0,0,29,4,25,114,48,66,34,3,31,111,30,81,43500,288,495
Spain_6537196,Spain,valid,4.9944216251373295,1,1020,5322,22366,14584,10688,0,12,1,11,51,10,41,429,213,216,18,10,8,287,68,219,53981,797,2249
Spain_6860600,Spain,valid,3.0356529712677007,0,287,167,20704,18979,5083,0,2,1,1,6,1,5,14,9,5,13,0,13,40,7,33,45220,75,171
Spain_716716,Spain,valid,2.13122193813324,13,204,16,23098,22762,7370,0,14,8,6,520,298,222,25,15,10,1,0,1,275,138,137,53463,835,1809
Spain_7370579,Spain,valid,2.682243490219116,0,208,114,12220,19688,3918,0,6631,2696,3935,1236,403,833,414,220,194,547,107,440,4126,1352,2774,36148,12954,57081
Spain_7387658,Spain,valid,2.277858948707581,73,241,104,10369,11974,5866,0,7166,2349,4817,2259,799,1460,647,374,273,1812,146,1666,5011,1221,3790,28627,16895,136111
Spain_7558720,Spain,valid,2.5725374460220336,0,297,35,11637,22674,3892,0,356,142,214,145,63,82,51,34,17,61,16,45,208,71,137,38535,821,1316
Spain_7604243,Spain,valid,8.135164737701418,46,708,5369,13866,5480,8088,0,2,0,2,60,9,51,166,69,97,0,0,0,49,17,32,33557,277,20642
Spain_7786924,Spain,valid,6.49007968902588,21,1244,1894,21360,6974,9305,0,476,181,295,322,85,237,140,66,74,13,6,7,359,126,233,40798,1310,2458
Spain_7856615,Spain,valid,2.5593575239181523,0,166,1151,21243,30455,5957,0,744,323,421,294,94,200,8,6,2,45,6,39,1231,525,706,58972,2322,7315
Spain_8104659,Spain,valid,33.00880432128906,0,92,15617,10440,17320,3601,0,801,371,430,53,27,26,9,8,1,24,11,13,93,45,48,47070,980,2504
Spain_8154154,Spain,valid,12.737320613861085,19,498,6643,11381,16347,6700,0,540,295,245,109,27,82,87,56,31,30,6,24,384,175,209,41588,1150,3432
Spain_8199661,Spain,valid,3.4168217182159433,22,953,174,17722,5663,12108,0,256,150,106,169,84,85,127,87,40,3,0,3,508,263,245,36642,1063,7119
Spain_8372658,Spain,valid,5.874156236648562,0,179,3228,12253,10619,4794,0,3647,1369,2278,590,184,406,280,114,166,600,80,520,2346,698,1648,31073,7463,85641
Spain_8565131,Spain,valid,2.332523632049561,28,354,261,28280,22091,10749,0,1844,908,936,819,488,331,59,38,21,157,15,142,1459,792,667,61763,4338,48018
Mekong_1111068,Mekong,test,4.048916769027711,0,0,129,1062,72723,3993,0,855,239,616,283,100,183,0,0,0,3,1,2,61,26,35,77907,1202,6247
Mekong_1149855,Mekong,test,5.540655326843262,0,5,154,632,2733,1957,0,2181,663,1518,3086,992,2094,13,4,9,0,0,0,461,189,272,5481,5741,11519
Mekong_1191208,Mekong,test,11.504862022399907,85,77,2506,7,643,6125,0,70,27,43,960,261,699,310,146,164,0,0,0,5,4,1,9443,1345,13920
Mekong_119477,Mekong,test,11.198080253601075,0,0,784,54,2602,1577,0,903,370,533,205,95,110,0,0,0,0,0,0,15,7,8,5017,1123,1873
Mekong_1248200,Mekong,test,3.761187767982483,0,3,139,286,583,1163,0,11556,4482,7074,13838,5282,8556,59,25,34,71,4,67,780,230,550,2174,26304,178284
Mekong_1282475,Mekong,test,3.8732553005218517,0,0,11,68,424,2120,0,262,171,91,1892,1200,692,0,0,0,0,0,0,152,90,62,2623,2306,24245
Mekong_1395593,Mekong,test,3.723431611061096,0,0,7,161,184,2363,0,148,33,115,2686,1815,871,0,0,0,0,0,0,82,54,28,2715,2916,15959
Mekong_1396181,Mekong,test,4.620861101150513,6,107,151,298,4936,8283,0,6408,3220,3188,15257,6883,8374,232,151,81,44,6,38,729,277,452,13781,22670,122337
Mekong_1413877,Mekong,test,3.907799339294434,0,0,32,159,1261,1900,0,644,212,432,273,92,181,0,0,0,0,0,0,15,9,6,3352,932,1580
Mekong_1439641,Mekong,test,4.487822484970096,2,8,503,831,649,1208,0,5577,2221,3356,6433,2558,3875,239,146,93,83,15,68,372,126,246,3201,12704,185098
Mekong_1443339,Mekong,test,5.976095247268677,3,6,376,632,248,1775,0,3959,1724,2235,18071,8680,9391,115,61,54,660,20,640,681,265,416,3040,23486,169297
Mekong_16233,Mekong,test,3.622640013694765,0,0,19,148,456,1853,0,501,280,221,2155,1272,883,0,0,0,7,3,4,81,61,20,2476,2744,59467
Mekong_213094,Mekong,test,5.121967697143555,0,0,85,198,1400,3550,0,33,1,32,4,2,2,0,0,0,0,0,0,0,0,0,5233,37,74
Mekong_221789,Mekong,test,9.554566287994385,0,0,909,0,0,1862,0,0,0,0,0,0,0,0,0,0,0,0,0,0,0,0,2771,0,0
Mekong_254910,Mekong,test,5.739219188690186,0,0,75,162,9972,4549,0,36,19,17,7,4,3,0,0,0,0,0,0,0,0,0,14758,43,92
Mekong_269835,Mekong,test,5.8718269824981695,0,0,80,222,1319,2034,0,53,23,30,1,0,1,0,0,0,0,0,0,9,5,4,3655,63,420
Mekong_293769,Mekong,test,4.782968902587893,0,7,119,156,3350,5040,0,442,253,189,899,457,442,103,37,66,4,1,3,17,11,6,8672,1465,28955
Mekong_333434,Mekong,test,6.671164512634279,6,0,692,28,3700,6972,0,507,202,305,1218,346,872,0,0,0,0,0,0,39,13,26,11398,1764,1520
Mekong_342411,Mekong,test,8.49183921813965,0,0,577,584,2318,3289,0,882,424,458,2671,1621,1050,0,0,0,0,0,0,213,83,130,6768,3766,25148
Mekong_382276,Mekong,test,3.1673438549041752,0,0,12,104,36,1395,0,22,16,6,870,667,203,0,0,0,0,0,0,64,61,3,1547,956,8852
Mekong_424793,Mekong,test,17.548896789550785,0,0,2984,94,866,2062,0,367,140,227,700,435,265,0,0,0,0,0,0,61,19,42,6006,1128,2875
Mekong_45934,Mekong,test,3.68872768878937,0,0,20,162,500,1743,0,85,26,59,59,17,42,0,0,0,0,0,0,11,5,6,2425,155,141
Mekong_474783,Mekong,test,4.6503057956695555,0,2,129,154,13995,1295,0,2021,527,1494,40,2,38,18,6,12,0,0,0,46,13,33,15575,2125,3655
Mekong_52610,Mekong,test,4.232730770111084,4,15,75,55,87,1928,0,1742,1025,717,23439,12603,10836,80,61,19,0,0,0,277,206,71,2164,25538,185135
Mekong_596495,Mekong,test,2.923615002632141,186,169,142,286,3847,2371,0,903,479,424,6349,2953,3396,828,351,477,7,0,7,375,217,158,7001,8462,168681
Mekong_774566,Mekong,test,5.148873615264896,107,117,423,362,21333,3341,0,1301,471,830,3303,851,2452,1488,424,1064,10,0,10,250,109,141,25683,6352,70691
Mekong_846007,Mekong,test,13.151223278045656,0,0,3241,222,840,2062,0,105,73,32,763,337,426,0,0,0,0,0,0,35,25,10,6365,903,6632
Mekong_922373,Mekong,test,8.8015513420105,0,2,781,80,1277,2009,0,7938,1818,6120,23537,7029,16508,8,5,3,2,0,2,615,309,306,4149,32100,87665
Mekong_977338,Mekong,test,6.21863594055176,1901,754,395,7,565,1486,0,4,4,0,1076,306,770,814,384,430,0,0,0,20,11,9,5108,1914,63653
Mekong_98310,Mekong,test,4.316508054733277,432,52,111,510,9076,4294,0,432,168,264,2055,645,1410,684,279,405,9,1,8,257,126,131,14475,3437,82230
