tile_id,stratum,2026-09-24,2026-09-29
BMC_CROP_01,cropland,,0.1079
BMC_WATE_02,water,0.0,0.0
BMC_CROP_03,cropland,,0.9617
BMC_CROP_04,cropland,,0.0
BMC_VEGE_05,vegetation,0.0,0.0
BMC_BUIL_06,built,,0.994775
BMC_CROP_07,cropland,,0.0754
BMC_CROP_08,cropland,,0.345
BMC_CROP_09,cropland,,0.0
BMC_CROP_10,cropland,,0.0
BMC_CROP_11,cropland,,0.0
BMC_VEGE_12,vegetation,,0.0
BMC_CROP_13,cropland,,0.9954
BMC_CROP_14,cropland,,0.0
BMC_WATE_15,water,,0.0
BMC_BUIL_16,built,,0.0
BMC_VEGE_17,vegetation,,0.0
BMC_CROP_18,cropland,,0.0
BMC_CROP_19,cropland,,0.0
BMC_BUIL_20,built,,0.176
