district,area_km2,cropland_km2,flood_otsu_vh_global,flood_cropland_otsu_vh_global,flood_cropland_post_otsu_vh_global,flood_unet_vv_ce,flood_cropland_unet_vv_ce,flood_cropland_post_unet_vv_ce,flood_unet_vvvh_cropw,flood_cropland_unet_vvvh_cropw,flood_cropland_post_unet_vvvh_cropw
Malai,499.7,429.0,19.6,19.3,2.6,22.6,21.9,1.3,28.3,26.9,5.0
Mongkol Borei,805.5,698.6,361.0,345.5,262.4,493.6,456.6,372.9,496.8,468.8,395.2
Ou Chrov,545.9,491.7,65.2,64.0,9.3,81.7,79.9,10.8,101.7,99.3,16.3
Paoy Paet,264.9,188.3,7.5,4.9,1.7,7.1,3.8,2.1,9.6,5.8,4.7
Phnum Srok,761.3,624.6,60.7,35.9,52.2,72.8,39.7,61.9,62.0,36.4,44.9
Preah Netr Preah,1091.1,925.2,228.6,218.3,357.3,281.0,265.4,430.6,365.7,340.1,402.9
Serei Saophoan,269.9,215.8,119.8,110.1,57.1,153.6,129.6,77.5,138.2,122.7,75.7
Svay Chek,813.2,722.6,12.1,11.1,1.9,13.0,11.4,3.3,8.6,7.6,3.9
Thma Puok,1088.4,973.9,7.1,6.0,0.3,4.7,3.6,0.4,6.6,4.7,0.7
