district,cropland_km2,flood_cropland_otsu_vh_global,flood_cropland_unet_vv_ce,flood_cropland_unet_vvvh_cropw
Moung Ruessei,883.3,443.0,311.0,600.2
Bavel,902.1,374.1,451.7,497.0
Thma Koul,683.0,334.6,357.5,473.1
Sangkae,531.4,312.3,356.8,422.4
Banan,688.8,159.6,184.2,272.2
Koas Krala,716.1,132.2,121.1,246.4
Aek Phnum,200.7,118.8,136.3,157.9
Rukh Kiri,393.1,81.3,25.8,124.0
Battambang,70.2,38.8,50.6,49.5
Kamrieng,445.4,8.1,5.9,20.5
Rotonak Mondol,470.3,3.5,1.2,9.6
Sampov Lun,396.3,2.4,0.7,3.5
Phnum Proek,530.9,1.5,0.3,2.9
Samlout,455.8,0.9,0.9,1.8
