chip,event,split,crs,h,w,label_values,vv_min,vv_max,vh_min,vh_max,wc_nodata_frac,non_flood,flood_open_water,flood_cropland,flood_vegetation,flood_built,flood_other,ignore
Bolivia_103757,Bolivia,train,EPSG:4326,512,512,-1 0 1,-40.821441650390625,-0.6905989646911621,-48.24835968017578,-6.994661331176758,0.0,52715,0,0,35362,0,0,174067
Bolivia_129334,Bolivia,train,EPSG:4326,512,512,-1 0 1,-36.82529830932617,0.4744816720485687,-52.00426483154297,-6.3170928955078125,0.0,80998,4573,0,151385,0,109,25079
Bolivia_195474,Bolivia,train,EPSG:4326,512,512,-1 0 1,-23.107797622680664,7.00493049621582,-35.958290100097656,0.08897902816534042,0.0,259784,0,0,1551,0,0,809
Bolivia_23014,Bolivia,train,EPSG:4326,512,512,-1 0 1,-66.51229858398438,0.17055276036262512,-68.47930145263672,-6.397890090942383,0.0,175215,7355,0,222,0,203,79149
Bolivia_233925,Bolivia,train,EPSG:4326,512,512,-1 0 1,-68.71710968017578,-1.1250704526901245,-78.21723937988281,-6.185252666473389,0.0,146293,0,0,1,0,0,115850
Bolivia_242570,Bolivia,train,EPSG:4326,512,512,-1 0 1,-38.02528762817383,-1.0283496379852295,-54.61154556274414,-6.917205333709717,0.0,148161,5275,13,20118,3,1937,86637
Bolivia_290290,Bolivia,train,EPSG:4326,512,512,-1 0 1,-40.59314727783203,1.619675874710083,-47.65573501586914,-4.674552917480469,0.0,184934,1763,0,17817,0,119,57511
Bolivia_294583,Bolivia,train,EPSG:4326,512,512,-1 0 1,-40.45533752441406,-0.09002670645713806,-48.29588317871094,-6.282449722290039,0.0,115464,11432,0,2956,0,620,131672
Bolivia_312675,Bolivia,train,EPSG:4326,512,512,-1 0 1,-27.08976936340332,1.1514215469360352,-44.518531799316406,-5.498597621917725,0.0,148433,0,0,9574,0,1,104136
Bolivia_314919,Bolivia,train,EPSG:4326,512,512,-1 0 1,-40.037025451660156,8.278704643249512,-48.38965606689453,3.168764114379883,0.0,105167,1348,0,82191,27,112,73299
Bolivia_360519,Bolivia,train,EPSG:4326,512,512,-1 0 1,-60.1744270324707,0.6965633034706116,-73.74602508544922,-5.23923397064209,0.0,243264,0,6,399,0,9,18466
Bolivia_379434,Bolivia,train,EPSG:4326,512,512,0 1,-36.919776916503906,0.5694412589073181,-46.358943939208984,-6.112007141113281,0.0,251354,952,3,9732,0,103,0
Bolivia_432776,Bolivia,train,EPSG:4326,512,512,-1 0 1,-60.167659759521484,-0.21149562299251556,-72.9545669555664,-7.053070545196533,0.0,83252,2362,0,69712,0,71,106747
Bolivia_60373,Bolivia,train,EPSG:4326,512,512,-1 0 1,-35.225833892822266,-0.14513804018497467,-47.97657775878906,-6.573159694671631,0.0,186539,3763,0,8594,0,123,63125
Bolivia_76104,Bolivia,train,EPSG:4326,512,512,-1 0 1,-21.967544555664062,0.31533199548721313,-34.948543548583984,-6.619078636169434,0.0,190960,0,0,5,0,0,71179
Ghana_103272,Ghana,train,EPSG:4326,512,512,-1 0 1,-39.31133270263672,8.586925506591797,-47.37702941894531,-1.3846466541290283,0.0,257711,347,433,625,0,153,2875
Ghana_1033830,Ghana,valid,EPSG:4326,512,512,-1 0 1,-36.25850296020508,-1.369239330291748,-47.46397399902344,-7.660024642944336,0.0,136418,3863,10690,77356,2,4900,28915
Ghana_1078550,Ghana,valid,EPSG:4326,512,512,0 1,-21.302204132080078,-0.6199936270713806,-33.612953186035156,-6.918473720550537,0.0,260737,0,5,1374,0,28,0
Ghana_1089161,Ghana,train,EPSG:4326,512,512,-1 0 1,-47.30429458618164,14.499911308288574,-47.39408874511719,4.60711145401001,0.0,233257,1152,622,842,16,275,25980
Ghana_11745,Ghana,train,EPSG:4326,512,512,0,-22.41020393371582,-1.5771209001541138,-30.262853622436523,-7.6068902015686035,0.0,262144,0,0,0,0,0,0
Ghana_124834,Ghana,valid,EPSG:4326,512,512,0,-20.214859008789062,-0.8555722832679749,-30.869009017944336,-8.633987426757812,0.0,262144,0,0,0,0,0,0
Ghana_128663,Ghana,train,EPSG:4326,512,512,-1 0,-33.372314453125,7.974895477294922,-47.39174270629883,-6.1559648513793945,0.0,168848,0,0,0,0,0,93296
Ghana_132163,Ghana,valid,EPSG:4326,512,512,-1 0,-25.182476043701172,15.843454360961914,-39.17485427856445,4.389214515686035,0.0,55761,0,0,0,0,0,206383
Ghana_134751,Ghana,train,EPSG:4326,512,512,-1 0,-19.562410354614258,-1.6273949146270752,-27.34563636779785,-7.688567638397217,0.0,37663,0,0,0,0,0,224481
Ghana_135389,Ghana,train,EPSG:4326,512,512,-1 0 1,-18.329784393310547,-1.0667792558670044,-30.259918212890625,-7.998263359069824,0.0,24372,0,0,233,0,19,237520
Ghana_141271,Ghana,valid,EPSG:4326,512,512,0 1,-21.823841094970703,4.748376369476318,-30.93682289123535,-7.106031894683838,0.0,260508,0,86,1203,6,341,0
Ghana_141910,Ghana,train,EPSG:4326,512,512,0 1,-47.00370407104492,1.2820369005203247,-52.01399230957031,-7.835407733917236,0.0,191494,6399,34271,28401,0,1579,0
Ghana_142312,Ghana,valid,EPSG:4326,512,512,0,-24.167490005493164,-1.3450714349746704,-41.9868278503418,-8.663284301757812,0.0,262144,0,0,0,0,0,0
Ghana_144050,Ghana,train,EPSG:4326,512,512,-1 0,-22.17821502685547,0.3896431028842926,-29.66341781616211,-8.406643867492676,0.0,23551,0,0,0,0,0,238593
Ghana_146222,Ghana,train,EPSG:4326,512,512,-1 0,-18.969100952148438,-0.34680506587028503,-25.991682052612305,-6.960108757019043,0.0,181656,0,0,0,0,0,80488
Ghana_147015,Ghana,train,EPSG:4326,512,512,0 1,-24.409690856933594,5.363552570343018,-40.818878173828125,-7.601754665374756,0.0,258614,0,181,2870,0,479,0
Ghana_154838,Ghana,train,EPSG:4326,512,512,-1 0,-19.654380798339844,-0.9819384217262268,-28.803604125976562,-8.5542573928833,0.0,42107,0,0,0,0,0,220037
Ghana_156478,Ghana,train,EPSG:4326,512,512,0,-19.7031192779541,0.6663958430290222,-28.585163116455078,-7.053567886352539,0.0,262144,0,0,0,0,0,0
Ghana_161233,Ghana,train,EPSG:4326,512,512,-1 0,-21.622703552246094,-5.255764007568359,-29.45413589477539,-10.63895034790039,0.0,1892,0,0,0,0,0,260252
Ghana_167233,Ghana,valid,EPSG:4326,512,512,0,-19.406476974487305,-1.4234942197799683,-31.703296661376953,-7.901623249053955,0.0,262144,0,0,0,0,0,0
Ghana_168875,Ghana,train,EPSG:4326,512,512,-1 0,-16.644424438476562,-1.3060053586959839,-27.485414505004883,-7.546716213226318,0.0,41796,0,0,0,0,0,220348
Ghana_187318,Ghana,train,EPSG:4326,512,512,0,-24.8123836517334,-0.4809912145137787,-28.88812828063965,-7.278665065765381,0.0,262144,0,0,0,0,0,0
Ghana_194723,Ghana,train,EPSG:4326,512,512,-1 0,-31.465248107910156,-0.0626387894153595,-37.3897705078125,-7.9995574951171875,0.0,47408,0,0,0,0,0,214736
Ghana_234935,Ghana,valid,EPSG:4326,512,512,-1,nan,nan,nan,nan,0.0,0,0,0,0,0,0,262144
Ghana_247288,Ghana,train,EPSG:4326,512,512,-1 0 1,-41.867149353027344,6.081125736236572,-47.501583099365234,-7.234699249267578,0.0,13524,3162,2104,20038,27,1319,221970
Ghana_24858,Ghana,train,EPSG:4326,512,512,0 1,-21.869802474975586,2.3687150478363037,-27.676944732666016,-5.7996625900268555,0.0,261660,0,7,386,8,83,0
Ghana_26376,Ghana,train,EPSG:4326,512,512,-1,nan,nan,nan,nan,0.0,0,0,0,0,0,0,262144
Ghana_264787,Ghana,train,EPSG:4326,512,512,-1 0,-21.75059700012207,-0.7550718784332275,-27.1519718170166,-6.6780009269714355,0.0,181975,0,0,0,0,0,80169
Ghana_277,Ghana,valid,EPSG:4326,512,512,-1,nan,nan,nan,nan,0.0,0,0,0,0,0,0,262144
Ghana_308249,Ghana,valid,EPSG:4326,512,512,0 1,-31.606164932250977,-0.6949998140335083,-43.23710250854492,-7.647477626800537,0.0,254114,1443,2729,3535,0,323,0
Ghana_313799,Ghana,valid,EPSG:4326,512,512,-1 0 1,-26.14348030090332,-0.2598145604133606,-37.855064392089844,-6.627669334411621,0.0,229531,0,274,14184,0,475,17680
Ghana_319168,Ghana,valid,EPSG:4326,512,512,-1 0 1,-33.995445251464844,0.48615479469299316,-47.28995895385742,-0.6350928544998169,0.0,132103,98,13979,24402,28,1014,90520
Ghana_359826,Ghana,valid,EPSG:4326,512,512,0 1,-32.1573600769043,1.7683868408203125,-49.14693832397461,-7.016384601593018,0.0,258648,0,656,2736,0,104,0
Ghana_362274,Ghana,train,EPSG:4326,512,512,-1 0 1,-38.66444396972656,1.060044288635254,-49.38657760620117,-8.033466339111328,0.0,241043,46,4666,13536,0,116,2737
Ghana_406026,Ghana,valid,EPSG:4326,512,512,0 1,-46.683616638183594,2.211312770843506,-47.640995025634766,-8.382214546203613,0.0,257839,1645,709,1237,0,714,0
Ghana_45911,Ghana,train,EPSG:4326,512,512,-1 0,-17.907333374023438,-1.6276148557662964,-25.063199996948242,-7.397242546081543,0.0,29269,0,0,0,0,0,232875
Ghana_495107,Ghana,valid,EPSG:4326,512,512,0 1,-22.456378936767578,0.8427680134773254,-35.89622497558594,-7.3843488693237305,0.0,258185,0,597,3341,0,21,0
Ghana_49890,Ghana,train,EPSG:4326,512,512,0,-20.357154846191406,-1.0393366813659668,-33.13071823120117,-8.277268409729004,0.0,262144,0,0,0,0,0,0
Ghana_5079,Ghana,valid,EPSG:4326,512,512,-1,nan,nan,nan,nan,0.0,0,0,0,0,0,0,262144
Ghana_53713,Ghana,valid,EPSG:4326,512,512,0,-20.834808349609375,-0.36368072032928467,-31.463926315307617,-8.686059951782227,0.0,262144,0,0,0,0,0,0
Ghana_597288,Ghana,train,EPSG:4326,512,512,0 1,-30.958139419555664,4.02759313583374,-47.094303131103516,-5.914017677307129,0.0,256454,160,352,4913,5,260,0
Ghana_61925,Ghana,train,EPSG:4326,512,512,0 1,-35.04561996459961,-1.0659159421920776,-51.49372863769531,-6.789277076721191,0.0,261493,258,199,13,0,181,0
Ghana_7496,Ghana,train,EPSG:4326,512,512,0,-19.681922912597656,-1.176804542541504,-30.300926208496094,-6.545165061950684,0.0,262144,0,0,0,0,0,0
Ghana_8090,Ghana,train,EPSG:4326,512,512,-1 0 1,-19.748449325561523,-0.8957521915435791,-28.036359786987305,-7.834022045135498,0.0,194662,0,0,0,0,4,67478
Ghana_83200,Ghana,train,EPSG:4326,512,512,-1 0 1,-22.962343215942383,-0.4719741940498352,-32.18769836425781,-8.266036987304688,0.0,97682,0,420,112,0,1,163929
Ghana_83483,Ghana,valid,EPSG:4326,512,512,-1,nan,nan,nan,nan,0.0,0,0,0,0,0,0,262144
Ghana_866994,Ghana,valid,EPSG:4326,512,512,-1 0 1,-47.27793884277344,7.897639751434326,-55.052947998046875,-7.8792266845703125,0.0,11540,84092,5599,14855,413,1012,144633
Ghana_868803,Ghana,valid,EPSG:4326,512,512,0 1,-42.78726577758789,1.5702232122421265,-53.264976501464844,-7.458230972290039,0.0,118093,11065,52028,76491,0,4467,0
Ghana_887131,Ghana,train,EPSG:4326,512,512,0 1,-28.248119354248047,0.5559736490249634,-47.41618347167969,-7.493337631225586,0.0,252069,0,2509,7269,0,297,0
Ghana_895194,Ghana,valid,EPSG:4326,512,512,-1 0 1,-30.22317886352539,1.5611845254898071,-47.43441390991211,-6.866971492767334,0.0,244009,0,5044,3632,0,21,9438
Ghana_953791,Ghana,train,EPSG:4326,512,512,0 1,-29.255308151245117,1.6661620140075684,-44.252525329589844,-8.281761169433594,0.0,259372,0,1235,1463,0,74,0
Ghana_97059,Ghana,valid,EPSG:4326,512,512,-1 0,-26.313440322875977,-1.0892252922058105,-44.361087799072266,-6.893433094024658,0.0,27394,0,0,0,0,0,234750
Ghana_97516,Ghana,train,EPSG:4326,512,512,-1 0 1,-31.791528701782227,0.6991075873374939,-47.023780822753906,-7.449826717376709,0.0,186784,186,13,318,0,254,74589
India_1017769,India,train,EPSG:4326,512,512,-1 0 1,-50.74601745605469,1.4039870500564575,-53.53538131713867,-6.851314067840576,0.0,74828,79545,5414,792,0,12392,89173
India_1018317,India,valid,EPSG:4326,512,512,-1 0 1,-47.723121643066406,1.7570911645889282,-56.850257873535156,-7.39254903793335,0.0,46267,108550,3780,286,0,38094,65167
India_1018327,India,valid,EPSG:4326,512,512,-1 0 1,-48.30550003051758,21.734254837036133,-48.32838821411133,7.1483941078186035,0.0,225493,839,22318,5129,22,8341,2
India_103447,India,train,EPSG:4326,512,512,-1 0 1,-35.024864196777344,10.320901870727539,-48.06550216674805,7.414898872375488,0.0,136590,17482,5534,469,1,3491,98577
India_1050276,India,valid,EPSG:4326,512,512,-1 0 1,-30.722150802612305,16.914295196533203,-48.08401107788086,4.926021575927734,0.0,206180,4703,37443,2676,46,4137,6959
India_1068117,India,valid,EPSG:4326,512,512,-1 0 1,-47.23122787475586,17.87894630432129,-49.90521240234375,10.780976295471191,0.0,181752,7619,30723,6115,73,3430,32432
India_1072277,India,train,EPSG:4326,512,512,-1 0 1,-27.218896865844727,14.217148780822754,-47.85340881347656,6.320088863372803,0.0,239596,0,21444,509,3,590,2
India_118868,India,valid,EPSG:4326,512,512,-1 0 1,-72.6576919555664,16.25044822692871,-78.15071105957031,6.3122358322143555,0.0,148590,0,6839,3338,6,502,102869
India_135434,India,train,EPSG:4326,512,512,-1 0 1,-34.53193664550781,13.41921615600586,-47.468414306640625,-1.6296980381011963,0.0,106838,5279,2173,5,13,2842,144994
India_136196,India,train,EPSG:4326,512,512,-1 0,-31.234445571899414,8.933173179626465,-47.74314498901367,0.11700110137462616,0.0,211744,0,0,0,0,0,50400
India_164336,India,valid,EPSG:4326,512,512,-1 0 1,-23.524127960205078,13.94088077545166,-43.072853088378906,7.236952781677246,0.0,257220,0,1073,707,7,94,3043
India_166709,India,train,EPSG:4326,512,512,-1 0 1,-23.38611602783203,4.845066070556641,-48.0546760559082,-2.8133862018585205,0.0,248055,0,6446,994,8,1391,5250
India_177319,India,train,EPSG:4326,512,512,-1 0 1,-22.91071891784668,10.506058692932129,-36.461116790771484,4.103365898132324,0.0,254912,0,744,818,0,16,5654
India_179238,India,train,EPSG:4326,512,512,-1 0 1,-23.72027015686035,13.025178909301758,-45.91145706176758,4.6203742027282715,0.0,180890,0,10428,586,8,570,69662
India_180633,India,valid,EPSG:4326,512,512,-1 0 1,-47.91963195800781,5.88969612121582,-47.92287063598633,-0.35366740822792053,0.0,88792,69215,3056,1099,0,2393,97589
India_207862,India,train,EPSG:4326,512,512,-1 0 1,-30.213293075561523,16.089082717895508,-47.67412185668945,6.533969402313232,0.0,179087,5,19073,1465,2,483,62029
India_244057,India,valid,EPSG:4326,512,512,-1 0 1,-33.47003173828125,9.367094039916992,-47.95560836791992,1.8859844207763672,0.0,160532,0,0,5,0,0,101607
India_25540,India,train,EPSG:4326,512,512,-1 0 1,-23.15297508239746,14.669412612915039,-46.631187438964844,4.855196952819824,0.0,177066,0,11264,222,2,71,73519
India_265762,India,train,EPSG:4326,512,512,-1 0 1,-24.210243225097656,19.41176986694336,-47.95326232910156,12.405827522277832,0.0,138763,0,6449,1465,36,583,114848
India_273873,India,train,EPSG:4326,512,512,-1 0 1,-34.578773498535156,9.03127384185791,-47.69297409057617,1.251583456993103,0.0,150162,0,1,3341,26,2078,106536
India_285297,India,train,EPSG:4326,512,512,-1 0 1,-40.93282699584961,19.613025665283203,-47.662391662597656,12.022953987121582,0.0,209036,0,31983,3602,30,391,17102
India_287642,India,train,EPSG:4326,512,512,-1 0 1,-28.320728302001953,9.139467239379883,-47.554012298583984,-5.72221040725708,0.0,97463,0,15319,1592,14,989,146767
India_324254,India,train,EPSG:4326,512,512,0 1,-25.558988571166992,16.531782150268555,-34.89799118041992,9.225789070129395,0.0,258261,0,2834,694,0,355,0
India_373039,India,train,EPSG:4326,512,512,-1 0 1,-28.684608459472656,8.62438678741455,-47.620601654052734,2.1634349822998047,0.0,241274,0,0,654,0,855,19361
India_383430,India,train,EPSG:4326,512,512,-1 0 1,-44.11168670654297,15.132442474365234,-48.09110641479492,7.660780429840088,0.0,212043,213,30619,6906,1,1489,10873
India_391908,India,train,EPSG:4326,512,512,-1 0 1,-31.256975173950195,10.478002548217773,-48.20242691040039,1.5298054218292236,0.0,185843,4160,16138,2301,23,3367,50312
India_399883,India,valid,EPSG:4326,512,512,-1 0 1,-48.932979583740234,0.924241840839386,-56.64678192138672,-4.948674201965332,0.0,125827,97819,15145,11155,1,12172,25
India_44475,India,valid,EPSG:4326,512,512,-1 0,-24.184703826904297,5.990004062652588,-38.05335235595703,-0.260789155960083,0.0,260175,0,0,0,0,0,1969
India_500266,India,train,EPSG:4326,512,512,-1 0 1,-27.738290786743164,13.66256332397461,-46.984840393066406,5.407844543457031,0.0,223960,7,32447,4334,40,1353,3
India_533192,India,valid,EPSG:4326,512,512,-1 0 1,-87.50163269042969,12.194382667541504,-87.50163269042969,7.255858421325684,0.0,77417,35841,2063,187,0,5153,141483
India_534470,India,train,EPSG:4326,512,512,-1 0 1,-24.918350219726562,14.339391708374023,-47.1828727722168,6.245117664337158,0.0,243136,8,7079,116,2,229,11574
India_56450,India,train,EPSG:4326,512,512,-1 0 1,-24.93910789489746,17.049142837524414,-36.1848030090332,9.9008207321167,0.0,181166,0,62,18,0,2,80896
India_566697,India,train,EPSG:4326,512,512,-1 0 1,-28.041501998901367,18.989574432373047,-47.75184631347656,5.557286262512207,0.0,200984,0,12873,792,1,1053,46441
India_570384,India,valid,EPSG:4326,512,512,-1 0 1,-35.215152740478516,13.73193073272705,-50.00730895996094,8.522713661193848,0.0,227452,3258,8752,672,2,1864,20144
India_591317,India,valid,EPSG:4326,512,512,-1 0 1,-49.67542266845703,10.636155128479004,-53.18480682373047,-0.548915445804596,0.0,132010,97840,7076,2247,1,6875,16095
India_591549,India,train,EPSG:4326,512,512,-1 0 1,-30.96001434326172,24.666152954101562,-41.364959716796875,17.376384735107422,0.0,234655,58,9443,797,80,676,16435
India_592446,India,valid,EPSG:4326,512,512,-1 0 1,-44.329437255859375,7.660681247711182,-48.4382438659668,-3.9168131351470947,0.0,215311,5317,329,1794,2,1602,37789
India_59460,India,train,EPSG:4326,512,512,-1 0 1,-28.737777709960938,9.932669639587402,-42.24137496948242,4.643434047698975,0.0,209038,0,173,137,0,5,52791
India_624341,India,train,EPSG:4326,512,512,-1 0 1,-26.693893432617188,17.538829803466797,-45.546791076660156,5.842587947845459,0.0,258918,0,104,2479,0,641,2
India_631692,India,valid,EPSG:4326,512,512,0 1,-24.175580978393555,2.5097672939300537,-29.22733497619629,-4.457502841949463,0.0,261342,0,1,787,0,14,0
India_652725,India,train,EPSG:4326,512,512,-1 0 1,-37.160160064697266,18.260488510131836,-47.62818145751953,8.753785133361816,0.0,240299,74,16168,3240,35,2278,50
India_664410,India,train,EPSG:4326,512,512,-1 0 1,-29.8994197845459,7.957015037536621,-47.92378616333008,-3.243798017501831,0.0,248616,4,9540,754,0,3228,2
India_691027,India,valid,EPSG:4326,512,512,-1 0 1,-29.535512924194336,15.77019214630127,-48.302371978759766,9.084555625915527,0.0,245640,0,4675,2327,5,1387,8110
India_698338,India,train,EPSG:4326,512,512,-1 0 1,-23.44485092163086,21.434837341308594,-48.17338180541992,13.438753128051758,0.0,218048,0,5218,283,9,4426,34160
India_70352,India,valid,EPSG:4326,512,512,-1 0 1,-47.78550338745117,10.22805404663086,-47.881507873535156,1.7114975452423096,0.0,226041,7145,1470,1667,0,2906,22915
India_707886,India,train,EPSG:4326,512,512,-1 0 1,-45.424644470214844,7.687286853790283,-47.89493942260742,1.9563871622085571,0.0,251213,2699,822,1099,0,1048,5263
India_73419,India,train,EPSG:4326,512,512,-1 0 1,-30.22062110900879,17.157724380493164,-40.12138366699219,9.078089714050293,0.0,172682,0,3906,1812,12,522,83210
India_747970,India,train,EPSG:4326,512,512,-1 0 1,-31.350502014160156,16.39934539794922,-47.908687591552734,8.042376518249512,0.0,241510,338,870,2487,0,1312,15627
India_747992,India,valid,EPSG:4326,512,512,-1 0 1,-38.07270812988281,9.851446151733398,-47.86728286743164,-1.39195716381073,0.0,144765,3,111898,1492,327,3602,57
India_764946,India,valid,EPSG:4326,512,512,-1 0 1,-27.6104679107666,3.2757630348205566,-40.195003509521484,-2.9938344955444336,0.0,239356,607,140,2268,0,131,19642
India_769408,India,valid,EPSG:4326,512,512,-1 0 1,-29.440937042236328,16.768476486206055,-47.59795379638672,-0.24931353330612183,0.0,167325,209,6523,560,9,1281,86237
India_772630,India,valid,EPSG:4326,512,512,-1 0 1,-29.494007110595703,11.588814735412598,-43.365379333496094,1.9575787782669067,0.0,153987,26,16,540,1,762,106812
India_773682,India,train,EPSG:4326,512,512,-1 0 1,-34.34920120239258,11.680649757385254,-47.6882209777832,1.7223070859909058,0.0,221834,0,29535,713,4,707,9351
India_774689,India,train,EPSG:4326,512,512,-1 0 1,-42.972900390625,14.318520545959473,-47.70676803588867,2.5531578063964844,0.0,218359,707,12930,4469,8,643,25028
India_79637,India,valid,EPSG:4326,512,512,0 1,-27.05678939819336,6.290122032165527,-47.405487060546875,-0.4672885239124298,0.0,256979,0,3328,1181,10,646,0
India_80221,India,valid,EPSG:4326,512,512,-1 0 1,-47.691627502441406,-1.0696967840194702,-53.199344635009766,-6.760001182556152,0.0,37287,81854,1706,241,0,30705,110351
India_804466,India,train,EPSG:4326,512,512,-1 0 1,-33.73932647705078,8.92487621307373,-47.7435417175293,-2.6379475593566895,0.0,211906,892,45508,1271,20,2537,10
India_828067,India,valid,EPSG:4326,512,512,-1 0 1,-30.58640480041504,19.380794525146484,-48.2692985534668,11.045951843261719,0.0,176126,0,2966,2132,19,1877,79024
India_833266,India,valid,EPSG:4326,512,512,-1 0 1,-30.23045539855957,21.087770462036133,-45.5046272277832,12.694729804992676,0.0,201412,6,17261,818,33,144,42470
India_842775,India,train,EPSG:4326,512,512,-1 0 1,-24.075664520263672,18.926128387451172,-44.20407485961914,10.17697811126709,0.0,240489,0,5369,325,4,231,15726
India_869358,India,valid,EPSG:4326,512,512,0 1,-29.265640258789062,18.669315338134766,-47.9835319519043,8.306883811950684,0.0,257094,3,3341,139,0,1567,0
India_900498,India,valid,EPSG:4326,512,512,-1 0 1,-48.26825714111328,2.0556297302246094,-53.7394905090332,-5.647802352905273,0.0,138039,100568,10205,619,7,12554,152
India_91379,India,train,EPSG:4326,512,512,-1 0 1,-29.40143585205078,18.39676856994629,-47.9688835144043,10.509784698486328,0.0,232539,341,25025,1081,47,3100,11
India_943439,India,train,EPSG:4326,512,512,-1 0 1,-47.95964813232422,12.625666618347168,-48.833168029785156,4.796529293060303,0.0,202487,3857,33044,9185,9,1514,12048
India_952728,India,valid,EPSG:4326,512,512,-1 0 1,-31.619060516357422,20.504467010498047,-48.283687591552734,12.556062698364258,0.0,182868,64,5169,237,7,371,73428
India_956930,India,train,EPSG:4326,512,512,-1 0 1,-36.52406311035156,21.5538387298584,-48.570621490478516,8.801491737365723,0.0,197034,1654,29047,7454,0,1941,25014
India_979278,India,train,EPSG:4326,512,512,-1 0 1,-39.01594543457031,6.60865592956543,-45.624298095703125,-4.876285076141357,0.0,100553,2662,1371,1167,0,237,156154
India_981708,India,train,EPSG:4326,512,512,-1 0 1,-65.45004272460938,20.16878318786621,-71.63967895507812,12.642666816711426,0.0,209647,0,9837,411,1,97,42151
Mekong_1111068,Mekong,test,EPSG:4326,512,512,-1 0 1,-25.876781463623047,9.312369346618652,-47.227386474609375,-0.7480763792991638,0.0,254649,0,6372,910,5,162,46
Mekong_1149855,Mekong,test,EPSG:4326,512,512,-1 0 1,-31.568744659423828,15.99582290649414,-46.16984558105469,-5.157065391540527,0.0,207515,46,8355,6686,0,2173,37369
Mekong_1191208,Mekong,test,EPSG:4326,512,512,-1 0 1,-47.16563034057617,-0.1199609562754631,-53.28076171875,-7.485071659088135,0.0,187047,13419,276,1542,0,28,59832
Mekong_119477,Mekong,test,EPSG:4326,512,512,-1 0 1,-21.79966926574707,2.8337385654449463,-34.64883804321289,-5.684020042419434,0.0,257956,0,2549,412,0,35,1192
Mekong_1248200,Mekong,test,EPSG:4326,512,512,-1 0 1,-32.37672424316406,8.134356498718262,-54.56930923461914,-6.82032585144043,0.0,56400,366,159441,41269,83,3429,1156
Mekong_1282475,Mekong,test,EPSG:4326,512,512,0 1,-34.79486846923828,0.6270921230316162,-47.18962860107422,0.29792749881744385,0.0,235593,0,7424,16983,0,2144,0
Mekong_1395593,Mekong,test,EPSG:4326,512,512,-1 0 1,-36.33318328857422,4.855796813964844,-52.43720245361328,-3.0543558597564697,0.0,242853,0,2565,15370,0,940,416
Mekong_1396181,Mekong,test,EPSG:4326,512,512,-1 0 1,-49.98988342285156,17.12140655517578,-53.2747917175293,-6.824774742126465,0.0,98055,6949,84159,50414,160,3325,19082
Mekong_1413877,Mekong,test,EPSG:4326,512,512,-1 0 1,-24.252962112426758,11.519562721252441,-34.144927978515625,6.001758098602295,0.0,254456,0,1819,658,0,35,5176
Mekong_1439641,Mekong,test,EPSG:4326,512,512,-1 0 1,-44.19001007080078,12.386762619018555,-60.388580322265625,5.9002604484558105,0.0,64281,79746,91683,17972,173,8228,61
Mekong_1443339,Mekong,test,EPSG:4326,512,512,-1 0 1,-46.6623420715332,11.692955017089844,-52.33989715576172,3.783937692642212,0.0,69352,23123,73998,90847,808,4007,9
Mekong_16233,Mekong,test,EPSG:4326,512,512,-1 0 1,-38.4688720703125,6.3225579261779785,-47.12521743774414,-4.813234806060791,0.0,199921,0,40007,20351,37,1816,12
Mekong_213094,Mekong,test,EPSG:4326,512,512,-1 0 1,-19.66054344177246,2.602128744125366,-30.09000587463379,-6.762739658355713,0.0,229732,0,101,10,0,0,32301
Mekong_221789,Mekong,test,EPSG:4326,512,512,-1 0,-20.834142684936523,0.8818097710609436,-28.072446823120117,-4.781608581542969,0.0,215327,0,0,0,0,0,46817
Mekong_254910,Mekong,test,EPSG:4326,512,512,-1 0 1,-33.60940170288086,1.2316908836364746,-46.8470458984375,-6.401551723480225,0.0,205360,0,110,25,0,0,56649
Mekong_269835,Mekong,test,EPSG:4326,512,512,-1 0 1,-29.137998580932617,-1.2128435373306274,-44.97561264038086,-6.987168312072754,0.0,211753,0,387,27,0,69,49908
Mekong_293769,Mekong,test,EPSG:4326,512,512,-1 0 1,-45.68611526489258,-0.9181337952613831,-51.8822135925293,-7.2050395011901855,0.0,200120,24175,2888,2131,7,1219,31604
Mekong_333434,Mekong,test,EPSG:4326,512,512,-1 0 1,-29.51840591430664,2.1360275745391846,-43.44799041748047,-8.041550636291504,0.0,199849,0,1440,1761,0,83,59011
Mekong_342411,Mekong,test,EPSG:4326,512,512,-1 0 1,-31.355478286743164,5.6486334800720215,-47.41660690307617,-2.912876844406128,0.0,233227,0,14714,13198,0,1002,3
Mekong_382276,Mekong,test,EPSG:4326,512,512,-1 0 1,-32.358314514160156,12.733827590942383,-46.940773010253906,-5.4829020500183105,0.0,252303,0,980,8311,0,517,33
Mekong_424793,Mekong,test,EPSG:4326,512,512,-1 0 1,-29.240478515625,5.133743762969971,-45.6171875,-4.078113079071045,0.0,254484,0,1828,2084,0,91,3657
Mekong_45934,Mekong,test,EPSG:4326,512,512,-1 0 1,-25.577228546142578,13.352533340454102,-30.152318954467773,4.910778999328613,0.0,261563,0,142,139,0,15,285
Mekong_474783,Mekong,test,EPSG:4326,512,512,-1 0 1,-22.92221450805664,16.576597213745117,-35.62849426269531,5.155568599700928,0.0,256339,47,5554,98,0,81,25
Mekong_52610,Mekong,test,EPSG:4326,512,512,0 1,-46.31296920776367,6.422411918640137,-56.2050895690918,-1.0437963008880615,0.0,51471,9826,68194,128276,3,4374,0
Mekong_596495,Mekong,test,EPSG:4326,512,512,-1 0 1,-49.99800109863281,16.682897567749023,-55.50377655029297,-5.6141886711120605,0.0,52340,149409,10013,16130,12,1579,32661
Mekong_774566,Mekong,test,EPSG:4326,512,512,-1 0 1,-45.17073440551758,-0.008005879819393158,-54.22976303100586,-3.7352259159088135,0.0,150685,65974,5339,4730,13,987,34416
Mekong_846007,Mekong,test,EPSG:4326,512,512,-1 0 1,-31.654857635498047,12.377766609191895,-47.182003021240234,-2.044987440109253,0.0,156495,0,3297,3240,0,998,98114
Mekong_922373,Mekong,test,EPSG:4326,512,512,-1 0 1,-34.69304275512695,9.001314163208008,-51.15391159057617,-5.971607685089111,0.0,142373,173,59082,56129,2,4379,6
Mekong_977338,Mekong,test,EPSG:4326,512,512,-1 0 1,-49.97690200805664,1.464631199836731,-54.99637222290039,-6.349227428436279,0.0,111391,64101,42,1370,3,51,85186
Mekong_98310,Mekong,test,EPSG:4326,512,512,-1 0 1,-50.38677215576172,3.602144956588745,-54.50841522216797,-1.3971525430679321,0.0,97104,79165,2005,3535,11,951,79373
Nigeria_1095404,Nigeria,valid,EPSG:4326,512,512,-1 0 1,-39.49478530883789,10.945784568786621,-47.12413787841797,-0.4954579174518585,0.0,206192,7,24244,21418,0,422,9861
Nigeria_143329,Nigeria,train,EPSG:4326,512,512,-1 0 1,-24.73689079284668,-1.182840347290039,-36.88106155395508,-8.180024147033691,0.0,246723,0,137,2629,0,11,12644
Nigeria_22088,Nigeria,valid,EPSG:4326,512,512,-1 0 1,-46.75930404663086,2.7232162952423096,-55.978763580322266,-6.598796367645264,0.0,209331,0,61,90,0,19,52643
Nigeria_225131,Nigeria,valid,EPSG:4326,512,512,-1 0 1,-22.2404727935791,8.589542388916016,-33.27029037475586,-2.385209560394287,0.0,240124,0,11,1118,0,2,20889
Nigeria_31096,Nigeria,valid,EPSG:4326,512,512,-1 0 1,-22.318288803100586,13.172327041625977,-40.25123977661133,4.283108234405518,0.0,216671,0,103,388,5,320,44657
Nigeria_35845,Nigeria,train,EPSG:4326,512,512,-1 0 1,-21.41509246826172,4.02932071685791,-30.846149444580078,-5.759753704071045,0.0,212756,0,8,231,0,47,49102
Nigeria_417184,Nigeria,valid,EPSG:4326,512,512,-1 0 1,-48.607086181640625,0.3222561478614807,-49.95652389526367,-4.69016170501709,0.0,48751,2,292,516,0,574,212009
Nigeria_439488,Nigeria,train,EPSG:4326,512,512,-1 0 1,-22.404293060302734,10.973958015441895,-39.38518524169922,1.7357279062271118,0.0,227732,0,1401,67,0,0,32944
Nigeria_529525,Nigeria,train,EPSG:4326,512,512,0 1,-45.57707595825195,0.028538497164845467,-60.44136047363281,-7.430656433105469,0.0,38493,3785,64519,151484,0,3863,0
Nigeria_598959,Nigeria,train,EPSG:4326,512,512,-1 0 1,-24.740982055664062,3.3714611530303955,-46.53911209106445,-6.935851097106934,0.0,164680,0,46260,264,0,4,50936
Nigeria_600295,Nigeria,train,EPSG:4326,512,512,-1 0 1,-40.959659576416016,2.922909736633301,-55.90470886230469,-1.2436424493789673,0.0,98030,15781,52492,4875,7,10506,80453
Nigeria_707067,Nigeria,train,EPSG:4326,512,512,-1 0 1,-23.45110321044922,1.0527902841567993,-40.1300163269043,-5.457533836364746,0.0,257603,0,1781,1450,6,519,785
Nigeria_78061,Nigeria,train,EPSG:4326,512,512,-1 0 1,-33.754817962646484,7.638461589813232,-47.01171875,-6.973537921905518,0.0,223392,0,631,2928,3,1932,33258
Nigeria_812045,Nigeria,valid,EPSG:4326,512,512,-1 0 1,-42.932151794433594,0.028858397156000137,-55.26393508911133,-7.997669696807861,0.0,117001,22722,71516,6137,13,19195,25560
Nigeria_81933,Nigeria,train,EPSG:4326,512,512,-1 0 1,-39.11888885498047,6.381307601928711,-58.0816650390625,-4.7603302001953125,0.0,68318,41152,38934,96986,276,602,15876
Nigeria_820924,Nigeria,valid,EPSG:4326,512,512,-1 0 1,-25.12737464904785,11.370491027832031,-32.296844482421875,-3.8899271488189697,0.0,260967,0,22,1153,0,1,1
Nigeria_952958,Nigeria,train,EPSG:4326,512,512,-1 0 1,-41.67474365234375,-0.6740323305130005,-49.99702072143555,-6.687373638153076,0.0,217939,72,1458,5359,64,2782,34470
Nigeria_984831,Nigeria,valid,EPSG:4326,512,512,-1 0 1,-46.53629684448242,-0.7883625030517578,-53.772823333740234,-7.333073616027832,0.0,18478,15647,71513,129319,2,5199,21986
Pakistan_1027214,Pakistan,valid,EPSG:4326,512,512,-1 0 1,-30.301803588867188,2.809725761413574,-47.602195739746094,-7.224615097045898,0.0,135088,13737,2592,767,0,6774,103186
Pakistan_1036366,Pakistan,train,EPSG:4326,512,512,-1 0 1,-35.921295166015625,-0.43259114027023315,-54.27027893066406,-7.569937229156494,0.0,87707,9029,5667,658,0,7319,151764
Pakistan_132143,Pakistan,train,EPSG:4326,512,512,0,-25.466920852661133,10.03133487701416,-47.732540130615234,-5.286617279052734,0.0,262144,0,0,0,0,0,0
Pakistan_167553,Pakistan,valid,EPSG:4326,512,512,-1 0 1,-31.5108699798584,19.36794090270996,-50.79191970825195,3.011573314666748,0.0,245647,0,0,12,45,1401,15039
Pakistan_210595,Pakistan,valid,EPSG:4326,512,512,0,-23.336946487426758,4.654808521270752,-48.01552200317383,-6.089413166046143,0.0,262144,0,0,0,0,0,0
Pakistan_211386,Pakistan,train,EPSG:4326,512,512,-1 0 1,-27.201091766357422,8.449261665344238,-46.386512756347656,-4.779975891113281,0.0,248546,0,354,103,0,6402,6739
Pakistan_246510,Pakistan,train,EPSG:4326,512,512,-1 0 1,-37.62701416015625,6.0703840255737305,-50.85842514038086,-4.292677402496338,0.0,248076,1319,244,102,81,8995,3327
Pakistan_246718,Pakistan,train,EPSG:4326,512,512,-1 0 1,-30.488515853881836,0.40511396527290344,-50.66446304321289,-7.1887288093566895,0.0,222152,4159,2368,231,51,6317,26866
Pakistan_336228,Pakistan,valid,EPSG:4326,512,512,-1 0,-27.637081146240234,7.329051494598389,-47.57923889160156,-7.1582536697387695,0.0,132471,0,0,0,0,0,129673
Pakistan_35915,Pakistan,train,EPSG:4326,512,512,-1 0 1,-38.000770568847656,-0.9667848348617554,-48.59144973754883,-7.034748077392578,0.0,76932,31667,4352,93,0,16189,132911
Pakistan_366265,Pakistan,train,EPSG:4326,512,512,-1 0 1,-26.46689796447754,11.723122596740723,-47.82917785644531,-4.934244155883789,0.0,127289,0,2,0,0,0,134853
Pakistan_401863,Pakistan,train,EPSG:4326,512,512,-1 0 1,-36.7765998840332,4.280869483947754,-48.64945983886719,-5.4884867668151855,0.0,255521,2669,5,105,0,545,3299
Pakistan_43105,Pakistan,valid,EPSG:4326,512,512,-1 0 1,-28.288427352905273,2.745039939880371,-47.59080505371094,-8.068363189697266,0.0,260671,0,241,23,0,7,1202
Pakistan_474121,Pakistan,train,EPSG:4326,512,512,-1 0 1,-46.42416000366211,7.318414211273193,-47.965946197509766,-3.0055582523345947,0.0,171896,7921,0,273,0,699,81355
Pakistan_528249,Pakistan,valid,EPSG:4326,512,512,-1 0,-24.20973777770996,1.279146671295166,-46.758052825927734,-8.381501197814941,0.0,76982,0,0,0,0,0,185162
Pakistan_548910,Pakistan,train,EPSG:4326,512,512,-1 0 1,-24.793420791625977,18.72072410583496,-45.18570327758789,3.5580599308013916,0.0,232257,0,3427,0,5,7,26448
Pakistan_65724,Pakistan,train,EPSG:4326,512,512,-1 0,-26.083904266357422,11.822362899780273,-49.16130447387695,0.7193731069564819,0.0,262143,0,0,0,0,0,1
Pakistan_664885,Pakistan,valid,EPSG:4326,512,512,-1 0 1,-30.62896728515625,3.2915477752685547,-47.86546325683594,-1.641825795173645,0.0,70627,2383,0,0,0,0,189134
Pakistan_667363,Pakistan,train,EPSG:4326,512,512,-1 0 1,-29.214588165283203,8.718287467956543,-49.79814147949219,-5.7175984382629395,0.0,161265,0,63,1,1,1154,99660
Pakistan_694942,Pakistan,valid,EPSG:4326,512,512,-1 0 1,-33.663429260253906,9.890836715698242,-47.558773040771484,-6.502700328826904,0.0,172963,0,18356,27,0,98,70700
Pakistan_70625,Pakistan,valid,EPSG:4326,512,512,0 1,-32.30615997314453,2.5704312324523926,-49.25492477416992,-2.733043670654297,0.0,257477,1584,57,27,917,2082,0
Pakistan_712873,Pakistan,train,EPSG:4326,512,512,-1 0 1,-27.42228126525879,3.90993070602417,-47.35213088989258,-5.714178562164307,0.0,118241,0,714,285,6,311,142587
Pakistan_740461,Pakistan,train,EPSG:4326,512,512,-1 0,-32.708351135253906,4.049046993255615,-50.79145431518555,-1.2600821256637573,0.0,211456,0,0,0,0,0,50688
Pakistan_760290,Pakistan,train,EPSG:4326,512,512,-1 0,-37.99095153808594,12.86832046508789,-49.956321716308594,-1.7716608047485352,0.0,233498,0,0,0,0,0,28646
Pakistan_849790,Pakistan,valid,EPSG:4326,512,512,-1 0 1,-29.129093170166016,1.5755544900894165,-49.52626419067383,-7.523432731628418,0.0,85331,215,161547,9699,2,445,4905
Pakistan_909806,Pakistan,train,EPSG:4326,512,512,-1 0 1,-28.609193801879883,7.278606414794922,-41.72344970703125,-5.954286575317383,0.0,114873,0,1044,5,5,360,145857
Pakistan_94095,Pakistan,valid,EPSG:4326,512,512,-1 0 1,-41.065982818603516,1.577284574508667,-54.11814498901367,-7.655535697937012,0.0,127004,30904,10619,280,0,11763,81574
Pakistan_9684,Pakistan,valid,EPSG:4326,512,512,-1 0 1,-25.674663543701172,2.532853364944458,-39.05284881591797,-8.428071022033691,0.0,112354,0,131,0,0,1065,148594
Paraguay_1019808,Paraguay,valid,EPSG:4326,512,512,0 1,-20.33332633972168,-1.0353503227233887,-41.252357482910156,-6.824246406555176,0.0,256974,5,10,5136,0,19,0
Paraguay_1029042,Paraguay,train,EPSG:4326,512,512,-1 0 1,-41.03055953979492,-0.9950191974639893,-52.543949127197266,-6.467805862426758,0.0,161807,52250,1478,6336,0,1133,39140
Paraguay_1029191,Paraguay,valid,EPSG:4326,512,512,-1 0 1,-41.2896728515625,-0.33678412437438965,-47.15082931518555,-7.573127269744873,0.0,203601,38633,2389,8023,0,1291,8207
Paraguay_1056717,Paraguay,train,EPSG:4326,512,512,0 1,-30.24329376220703,-1.2864758968353271,-43.812355041503906,-7.808838844299316,0.0,257098,3355,1,1382,0,308,0
Paraguay_1076204,Paraguay,train,EPSG:4326,512,512,0 1,-34.12682342529297,-0.19036069512367249,-47.21147918701172,-7.622372150421143,0.0,259115,2154,42,685,0,148,0
Paraguay_11869,Paraguay,train,EPSG:4326,512,512,-1 0 1,-29.008779525756836,3.5455944538116455,-43.53411865234375,-7.855705738067627,0.0,257711,0,7,150,0,65,4211
Paraguay_126224,Paraguay,train,EPSG:4326,512,512,0 1,-34.11396026611328,0.5948666334152222,-51.07952880859375,-6.971851825714111,0.0,117762,1072,867,142407,14,22,0
Paraguay_12870,Paraguay,train,EPSG:4326,512,512,0,-27.285722732543945,-0.5173852443695068,-50.02348327636719,-7.284607887268066,0.0,262144,0,0,0,0,0,0
Paraguay_148318,Paraguay,train,EPSG:4326,512,512,-1 0 1,-27.53431510925293,5.201471328735352,-47.6016960144043,-6.387582778930664,0.0,237847,0,0,1871,0,358,22068
Paraguay_149787,Paraguay,train,EPSG:4326,512,512,0 1,-42.060218811035156,-0.3746403455734253,-47.158634185791016,-7.305418491363525,0.0,222053,32207,1002,5759,0,1123,0
Paraguay_149830,Paraguay,train,EPSG:4326,512,512,-1 0 1,-26.489688873291016,-1.173006296157837,-42.34761428833008,-6.071680068969727,0.0,258533,0,8,1883,0,16,1704
Paraguay_153941,Paraguay,valid,EPSG:4326,512,512,0 1,-24.15343475341797,-1.9859447479248047,-40.835060119628906,-8.02479362487793,0.0,261503,0,104,119,0,418,0
Paraguay_172476,Paraguay,valid,EPSG:4326,512,512,-1 0 1,-26.235136032104492,2.8064775466918945,-42.36543273925781,-5.076996803283691,0.0,259328,35,5,2643,0,132,1
Paraguay_179624,Paraguay,train,EPSG:4326,512,512,-1 0 1,-22.57650375366211,-0.553678035736084,-40.1982536315918,-7.5105671882629395,0.0,262067,0,0,13,0,29,35
Paraguay_191503,Paraguay,train,EPSG:4326,512,512,0 1,-24.573827743530273,1.5352929830551147,-47.32033157348633,-6.007511615753174,0.0,262054,0,10,58,0,22,0
Paraguay_198534,Paraguay,train,EPSG:4326,512,512,-1 0,-29.864648818969727,-0.9506216049194336,-48.40039825439453,-7.403337478637695,0.0,195487,0,0,0,0,0,66657
Paraguay_205585,Paraguay,valid,EPSG:4326,512,512,0,-22.974838256835938,8.667435646057129,-35.03858184814453,-0.4810105860233307,0.0,262144,0,0,0,0,0,0
Paraguay_212687,Paraguay,train,EPSG:4326,512,512,0 1,-22.92219352722168,-0.9431818723678589,-40.32464599609375,-8.058342933654785,0.0,246836,6,4,15274,0,24,0
Paraguay_215904,Paraguay,train,EPSG:4326,512,512,-1 0,-25.813945770263672,0.10616812855005264,-47.58055114746094,-8.770272254943848,0.0,226308,0,0,0,0,0,35836
Paraguay_224845,Paraguay,train,EPSG:4326,512,512,-1 0,-23.17710304260254,-1.0015215873718262,-35.6918830871582,-9.65478801727295,0.0,103920,0,0,0,0,0,158224
Paraguay_225187,Paraguay,train,EPSG:4326,512,512,0 1,-29.21370506286621,-0.0346970371901989,-48.00151824951172,-7.645862102508545,0.0,262097,0,30,6,0,11,0
Paraguay_232281,Paraguay,valid,EPSG:4326,512,512,-1 0 1,-20.764970779418945,-0.2231762856245041,-49.22208023071289,-8.689884185791016,0.0,231987,0,21,29383,0,0,753
Paraguay_24341,Paraguay,train,EPSG:4326,512,512,0 1,-45.840023040771484,2.6553080081939697,-50.02437210083008,-7.350345611572266,0.0,193791,51467,2459,12658,0,1769,0
Paraguay_246154,Paraguay,train,EPSG:4326,512,512,0 1,-23.16195297241211,-0.6292224526405334,-31.540002822875977,-7.997079372406006,0.0,262108,0,0,15,0,21,0
Paraguay_247656,Paraguay,train,EPSG:4326,512,512,0 1,-40.09366989135742,4.772086143493652,-47.17520523071289,-5.909398078918457,0.0,241168,19771,1,1186,0,18,0
Paraguay_252217,Paraguay,valid,EPSG:4326,512,512,-1 0 1,-23.751296997070312,-0.6150626540184021,-47.64533615112305,-7.592186450958252,0.0,255478,0,60,25,0,215,6366
Paraguay_271769,Paraguay,valid,EPSG:4326,512,512,0 1,-32.7183837890625,0.5949988961219788,-47.37569046020508,-7.679908752441406,0.0,259531,1329,237,542,0,505,0
Paraguay_280900,Paraguay,valid,EPSG:4326,512,512,-1 0 1,-27.962377548217773,1.762710452079773,-44.13162612915039,-6.021251201629639,0.0,255557,2584,0,2909,4,1088,2
Paraguay_284928,Paraguay,valid,EPSG:4326,512,512,-1 0,-22.173856735229492,-0.5365507006645203,-43.59669876098633,-7.505367755889893,0.0,261368,0,0,0,0,0,776
Paraguay_305760,Paraguay,valid,EPSG:4326,512,512,0 1,-27.872087478637695,0.6219855546951294,-47.34817886352539,-7.064899921417236,0.0,218353,0,0,43791,0,0,0
Paraguay_339807,Paraguay,train,EPSG:4326,512,512,-1 0 1,-40.8910026550293,-0.5821983218193054,-51.407508850097656,-7.260214805603027,0.0,156576,42410,2071,11898,0,1664,47525
Paraguay_34417,Paraguay,valid,EPSG:4326,512,512,-1,nan,nan,nan,nan,0.0,0,0,0,0,0,0,262144
Paraguay_36015,Paraguay,train,EPSG:4326,512,512,-1 0,-29.947721481323242,-0.843929648399353,-48.096622467041016,-7.015497207641602,0.0,262139,0,0,0,0,0,5
Paraguay_36146,Paraguay,train,EPSG:4326,512,512,0,-27.123252868652344,7.0610127449035645,-41.34925079345703,-6.608428001403809,0.0,262144,0,0,0,0,0,0
Paraguay_403081,Paraguay,train,EPSG:4326,512,512,-1 0 1,-41.80555725097656,4.885923385620117,-47.005882263183594,-7.240124225616455,0.0,248634,807,0,309,0,86,12308
Paraguay_40936,Paraguay,valid,EPSG:4326,512,512,-1 0,-23.315805435180664,4.2827277183532715,-47.55804443359375,-7.296215534210205,0.0,215331,0,0,0,0,0,46813
Paraguay_44682,Paraguay,train,EPSG:4326,512,512,0 1,-22.4393367767334,-0.7144181728363037,-31.817197799682617,-7.157193183898926,0.0,260835,0,0,1296,0,13,0
Paraguay_470303,Paraguay,train,EPSG:4326,512,512,0 1,-25.248348236083984,0.772796630859375,-47.16895294189453,-7.497365474700928,0.0,251698,12,7519,2899,0,16,0
Paraguay_482517,Paraguay,train,EPSG:4326,512,512,-1 0 1,-41.92350769042969,-0.6609313488006592,-50.24412155151367,-7.201335906982422,0.0,212148,42482,352,4263,0,355,2544
Paraguay_48673,Paraguay,train,EPSG:4326,512,512,0 1,-26.74226951599121,2.5581746101379395,-46.142356872558594,-7.104846000671387,0.0,262011,0,8,85,0,40,0
Paraguay_511199,Paraguay,valid,EPSG:4326,512,512,0 1,-28.069902420043945,0.19606515765190125,-44.865291595458984,-6.341599464416504,0.0,250600,0,3,11526,0,15,0
Paraguay_54421,Paraguay,train,EPSG:4326,512,512,0 1,-25.660884857177734,9.58089828491211,-47.316768646240234,-2.5297961235046387,0.0,262104,0,33,7,0,0,0
Paraguay_581976,Paraguay,valid,EPSG:4326,512,512,-1 0 1,-35.443885803222656,0.5776785016059875,-52.3105583190918,-7.234420299530029,0.0,113159,0,318,148271,0,0,396
Paraguay_59731,Paraguay,valid,EPSG:4326,512,512,-1 0 1,-35.2492561340332,8.574748992919922,-45.55290222167969,0.9544737935066223,0.0,252886,2206,0,386,0,178,6488
Paraguay_605682,Paraguay,train,EPSG:4326,512,512,0 1,-40.710487365722656,1.3893386125564575,-51.69742965698242,-7.744848251342773,0.0,186704,0,2740,72693,0,7,0
Paraguay_62897,Paraguay,train,EPSG:4326,512,512,0 1,-22.912227630615234,-0.20618696510791779,-46.64323806762695,-7.063796043395996,0.0,221002,13,52,41067,1,9,0
Paraguay_648632,Paraguay,valid,EPSG:4326,512,512,0 1,-33.42554473876953,-1.1004594564437866,-47.29639434814453,-7.987337112426758,0.0,243750,42,1,18224,0,127,0
Paraguay_651904,Paraguay,valid,EPSG:4326,512,512,0 1,-48.71731185913086,1.6141389608383179,-51.90385055541992,-7.4690775871276855,0.0,234988,19392,2,7283,0,479,0
Paraguay_657443,Paraguay,valid,EPSG:4326,512,512,0 1,-43.36085891723633,-0.6828096508979797,-52.20219802856445,-7.644739627838135,0.0,197170,42182,3324,17613,0,1855,0
Paraguay_683296,Paraguay,valid,EPSG:4326,512,512,-1 0 1,-36.65074157714844,-1.3681367635726929,-47.13563537597656,-6.479938983917236,0.0,252169,1068,1957,3988,0,396,2566
Paraguay_721886,Paraguay,train,EPSG:4326,512,512,-1 0 1,-30.128280639648438,-0.34619641304016113,-52.54009246826172,-6.164196491241455,0.0,250509,630,73,9500,0,714,718
Paraguay_76868,Paraguay,valid,EPSG:4326,512,512,-1 0 1,-40.795310974121094,5.12713098526001,-55.297977447509766,0.3826184868812561,0.0,244438,12605,1169,3766,0,143,23
Paraguay_7894,Paraguay,valid,EPSG:4326,512,512,-1 0,-21.497976303100586,14.695966720581055,-29.74897575378418,0.06045638397336006,0.0,202187,0,0,0,0,0,59957
Paraguay_790830,Paraguay,valid,EPSG:4326,512,512,-1 0 1,-46.00796127319336,11.262852668762207,-47.103153228759766,3.1394903659820557,0.0,229252,28540,105,3170,0,132,945
Paraguay_791364,Paraguay,train,EPSG:4326,512,512,-1 0 1,-20.188814163208008,-1.677152395248413,-29.857864379882812,-7.2708210945129395,0.0,260529,0,0,1206,0,0,409
Paraguay_792268,Paraguay,train,EPSG:4326,512,512,-1 0 1,-29.349470138549805,16.183732986450195,-38.02297592163086,0.5475631952285767,0.0,260774,521,18,665,8,134,24
Paraguay_795075,Paraguay,train,EPSG:4326,512,512,-1 0 1,-33.783241271972656,0.5763022899627686,-47.06117248535156,-6.58402156829834,0.0,258717,1716,0,1501,0,204,6
Paraguay_80102,Paraguay,valid,EPSG:4326,512,512,-1 0 1,-22.282276153564453,1.8668839931488037,-35.624141693115234,-6.607964038848877,0.0,262121,0,0,11,0,11,1
Paraguay_822142,Paraguay,train,EPSG:4326,512,512,0 1,-43.57405471801758,1.0020085573196411,-55.64052200317383,-7.697040557861328,0.0,181954,48130,4430,21737,0,5893,0
Paraguay_868895,Paraguay,valid,EPSG:4326,512,512,-1 0 1,-34.444740295410156,-0.06336236745119095,-47.24363708496094,-7.658287525177002,0.0,159678,3604,28,11194,0,961,86679
Paraguay_892933,Paraguay,train,EPSG:4326,512,512,0 1,-25.808618545532227,1.465036153793335,-50.98354721069336,-7.7856903076171875,0.0,235574,0,2375,24166,0,29,0
Paraguay_896458,Paraguay,valid,EPSG:4326,512,512,-1 0 1,-45.80951690673828,1.362470269203186,-50.9678840637207,-6.972995758056641,0.0,191379,34376,1437,12750,0,736,21466
Paraguay_913449,Paraguay,valid,EPSG:4326,512,512,0 1,-29.645042419433594,-0.03300154581665993,-47.42148208618164,-7.149256706237793,0.0,256627,883,40,3001,0,1593,0
Paraguay_921838,Paraguay,train,EPSG:4326,512,512,0 1,-31.913394927978516,0.33458957076072693,-55.41850662231445,-6.856717109680176,0.0,254794,9,850,5363,0,1128,0
Paraguay_934240,Paraguay,valid,EPSG:4326,512,512,0 1,-20.519287109375,1.0344613790512085,-40.85911178588867,-8.472871780395508,0.0,241786,0,0,20358,0,0,0
Paraguay_989230,Paraguay,train,EPSG:4326,512,512,-1 0 1,-41.320552825927734,8.896536827087402,-47.16743087768555,-2.8345515727996826,0.0,183333,31758,499,3929,0,405,42220
Paraguay_997480,Paraguay,train,EPSG:4326,512,512,0 1,-28.94131851196289,0.07666707783937454,-47.27628707885742,-8.074847221374512,0.0,242197,315,174,19429,0,29,0
Somalia_1068756,Somalia,train,EPSG:4326,512,512,-1 0 1,-40.83101272583008,-3.962825298309326,-52.10914993286133,-8.033052444458008,0.0,164698,0,6363,132,0,0,90951
Somalia_1087508,Somalia,train,EPSG:4326,512,512,-1 0 1,-34.298316955566406,15.819951057434082,-48.232666015625,4.69561243057251,0.0,202922,56,9383,541,0,41,49201
Somalia_12849,Somalia,valid,EPSG:4326,512,512,-1 0 1,-42.102745056152344,2.8967812061309814,-51.915321350097656,-6.569629192352295,0.0,154110,21,33910,3226,4,31,70842
Somalia_166342,Somalia,valid,EPSG:4326,512,512,-1 0 1,-27.52281379699707,-2.813397169113159,-47.418701171875,-8.049820899963379,0.0,220565,0,0,12,0,0,41567
Somalia_167787,Somalia,valid,EPSG:4326,512,512,-1 0 1,-34.1387825012207,0.3031092882156372,-50.251766204833984,-6.9548797607421875,0.0,220280,0,218,7,0,0,41639
Somalia_195014,Somalia,train,EPSG:4326,512,512,-1 0,-24.00997543334961,-3.256425380706787,-37.98169708251953,-8.428604125976562,0.0,233650,0,0,0,0,0,28494
Somalia_205466,Somalia,train,EPSG:4326,512,512,-1 0 1,-24.874116897583008,-2.5159056186676025,-38.3635139465332,-9.53983211517334,0.0,239990,0,23,70,0,0,22061
Somalia_230192,Somalia,train,EPSG:4326,512,512,-1 0 1,-28.15744400024414,-3.6522374153137207,-47.02149200439453,-7.862863540649414,0.0,232464,0,43,15,0,0,29622
Somalia_256539,Somalia,valid,EPSG:4326,512,512,-1 0 1,-25.843435287475586,17.74751091003418,-47.54434585571289,7.916557788848877,0.0,221236,0,18,5,0,0,40885
Somalia_295782,Somalia,train,EPSG:4326,512,512,-1 0 1,-45.61882400512695,5.72369384765625,-49.42341613769531,-6.936770439147949,0.0,186809,717,10567,4955,0,0,59096
Somalia_322855,Somalia,valid,EPSG:4326,512,512,-1 0 1,-37.6495361328125,0.6321398019790649,-47.67980194091797,-6.115029811859131,0.0,210307,0,38491,6246,0,0,7100
Somalia_32375,Somalia,train,EPSG:4326,512,512,-1 0 1,-28.218412399291992,-3.428597927093506,-49.30238723754883,-8.522970199584961,0.0,133567,0,0,1,0,0,128576
Somalia_371421,Somalia,train,EPSG:4326,512,512,-1 0 1,-30.231647491455078,-0.07346539944410324,-47.35078048706055,-6.422182083129883,0.0,196284,0,27629,7049,0,0,31182
Somalia_60129,Somalia,valid,EPSG:4326,512,512,-1 0 1,-25.963598251342773,0.41956454515457153,-42.04541778564453,-6.296524524688721,0.0,221639,0,0,276,0,401,39828
Somalia_61368,Somalia,valid,EPSG:4326,512,512,-1 0,-28.058788299560547,-1.960696816444397,-47.3519401550293,-7.953036308288574,0.0,212969,0,0,0,0,0,49175
Somalia_626316,Somalia,train,EPSG:4326,512,512,-1 0 1,-47.418209075927734,-4.005587577819824,-49.47486114501953,-9.104649543762207,0.0,147358,0,21014,713,0,0,93059
Somalia_649376,Somalia,valid,EPSG:4326,512,512,-1 0 1,-27.22645378112793,-1.9468293190002441,-47.57371520996094,-8.315754890441895,0.0,208742,0,4024,1163,0,0,48215
Somalia_685158,Somalia,valid,EPSG:4326,512,512,-1 0 1,-35.76026153564453,-1.8397743701934814,-47.3223991394043,-6.921161651611328,0.0,158918,460,23815,979,0,0,77972
Somalia_699062,Somalia,valid,EPSG:4326,512,512,-1 0 1,-26.812774658203125,-2.316145181655884,-46.82908630371094,-6.046270847320557,0.0,199919,0,2840,443,0,7,58935
Somalia_7931,Somalia,train,EPSG:4326,512,512,-1 0,-21.426136016845703,-2.6892831325531006,-38.78050994873047,-7.208049774169922,0.0,201972,0,0,0,0,0,60172
Somalia_886726,Somalia,train,EPSG:4326,512,512,-1 0 1,-46.3815803527832,-1.170570731163025,-49.57455062866211,-6.683744430541992,0.0,179041,0,26023,56972,0,0,108
Somalia_93023,Somalia,train,EPSG:4326,512,512,-1 0,-28.289472579956055,2.465320587158203,-46.49220275878906,-8.624273300170898,0.0,187825,0,0,0,0,0,74319
Somalia_94102,Somalia,valid,EPSG:4326,512,512,-1 0 1,-41.44264602661133,-0.22686845064163208,-54.26240921020508,-6.295097827911377,0.0,228666,0,6283,6411,0,0,20784
Somalia_970508,Somalia,train,EPSG:4326,512,512,-1 0 1,-43.763797760009766,17.324668884277344,-51.28024673461914,6.813714981079102,0.0,179007,1195,22416,13858,633,10,45025
Somalia_989553,Somalia,train,EPSG:4326,512,512,-1 0 1,-32.555381774902344,4.688422203063965,-47.40676498413086,-3.44748854637146,0.0,107996,0,0,2307,0,0,151841
Somalia_992457,Somalia,train,EPSG:4326,512,512,-1 0 1,-36.51329803466797,5.262760162353516,-48.56592559814453,-5.436066627502441,0.0,173288,0,6895,957,0,0,81004
Spain_1167260,Spain,train,EPSG:4326,512,512,-1 0 1,-46.37406539916992,29.926393508911133,-48.39236831665039,8.728548049926758,0.0,219600,33,31390,2070,630,8396,25
Spain_1199913,Spain,valid,EPSG:4326,512,512,-1 0 1,-46.11629867553711,12.913407325744629,-53.55232620239258,3.6642003059387207,0.0,252053,4476,638,3535,26,1415,1
Spain_2472849,Spain,train,EPSG:4326,512,512,-1 0 1,-25.402368545532227,18.294143676757812,-43.28633117675781,6.577904224395752,0.0,261739,2,0,8,10,0,385
Spain_2523247,Spain,train,EPSG:4326,512,512,-1 0 1,-39.05948257446289,27.659074783325195,-47.006988525390625,16.763376235961914,0.0,259610,484,318,297,72,1258,105
Spain_2594119,Spain,train,EPSG:4326,512,512,-1 0 1,-35.925987243652344,13.860987663269043,-47.61344909667969,7.021809101104736,0.0,259132,2438,5,73,3,358,135
Spain_2938657,Spain,train,EPSG:4326,512,512,-1 0 1,-39.221622467041016,17.0135440826416,-49.75697708129883,10.227700233459473,0.0,252302,7078,5,1320,80,1289,70
Spain_3285448,Spain,train,EPSG:4326,512,512,-1 0 1,-46.68904495239258,17.27616310119629,-47.099266052246094,8.267282485961914,0.0,205747,55710,7,350,8,314,8
Spain_337094,Spain,train,EPSG:4326,512,512,-1 0 1,-36.67293167114258,22.76370620727539,-49.895835876464844,8.525270462036133,0.0,235981,1343,14300,2369,637,7426,88
Spain_4282030,Spain,valid,EPSG:4326,512,512,-1 0 1,-44.79744338989258,16.605451583862305,-58.431278228759766,4.2994890213012695,0.0,163992,12735,54964,16115,557,13760,21
Spain_4915752,Spain,train,EPSG:4326,512,512,-1 0 1,-39.45210266113281,14.218104362487793,-47.06450271606445,2.705688238143921,0.0,254464,6469,51,864,0,280,16
Spain_5650136,Spain,valid,EPSG:4326,512,512,-1 0 1,-47.103511810302734,-0.4378264248371124,-57.42806625366211,-10.03609561920166,0.0,67389,90561,0,11145,126,2375,90548
Spain_5678382,Spain,train,EPSG:4326,512,512,-1 0 1,-45.400875091552734,21.95953941345215,-49.99983215332031,15.287854194641113,0.0,258547,388,1376,875,213,718,27
Spain_5816638,Spain,train,EPSG:4326,512,512,-1 0 1,-24.3780460357666,19.185457229614258,-39.46833419799805,14.670994758605957,0.0,261673,250,1,2,12,114,92
Spain_5923267,Spain,train,EPSG:4326,512,512,-1 0 1,-53.18175506591797,-0.7283927798271179,-55.9581413269043,-5.115390777587891,0.0,17030,197312,0,3106,144,1151,43401
Spain_6095801,Spain,valid,EPSG:4326,512,512,-1 0 1,-32.04591369628906,26.06484603881836,-48.251304626464844,15.660923957824707,0.0,239326,865,16048,2051,215,3557,82
Spain_6199994,Spain,train,EPSG:4326,512,512,-1 0 1,-26.46768569946289,23.647417068481445,-38.52141571044922,13.490933418273926,0.0,261119,459,8,44,45,227,242
Spain_6537196,Spain,valid,EPSG:4326,512,512,-1 0 1,-37.18797302246094,16.63773536682129,-50.92074203491211,12.22587776184082,0.0,259060,2299,26,95,39,587,38
Spain_6860600,Spain,valid,EPSG:4326,512,512,-1 0 1,-26.99415397644043,25.60030746459961,-35.80205154418945,7.2440643310546875,0.0,261723,146,3,22,26,49,175
Spain_716716,Spain,train,EPSG:4326,512,512,-1 0 1,-32.580833435058594,9.110443115234375,-47.08732604980469,2.582338333129883,0.0,259423,566,98,1397,2,581,77
Spain_7370579,Spain,valid,EPSG:4326,512,512,-1 0 1,-39.241085052490234,25.647573471069336,-47.060482025146484,4.432816028594971,0.0,192010,900,52293,3876,1009,11957,99
Spain_7387658,Spain,valid,EPSG:4326,512,512,-1 0 1,-46.73637771606445,21.006298065185547,-50.89105224609375,16.239166259765625,0.0,109051,21543,97387,11898,3316,18862,87
Spain_7558720,Spain,valid,EPSG:4326,512,512,-1 0 1,-34.681514739990234,23.036691665649414,-48.55954360961914,6.697352886199951,0.0,259847,238,1049,424,101,325,160
Spain_7604243,Spain,valid,EPSG:4326,512,512,-1 0 1,-45.68764114379883,19.30228042602539,-48.551292419433594,6.492935657501221,0.0,241161,20593,8,199,4,115,64
Spain_7786924,Spain,train,EPSG:4326,512,512,-1 0 1,-31.180259704589844,17.702171325683594,-47.052982330322266,2.2994141578674316,0.0,258343,1223,1220,521,31,773,33
Spain_7856615,Spain,train,EPSG:4326,512,512,-1 0 1,-38.39353942871094,29.42822265625,-47.01869201660156,12.626842498779297,0.0,252293,15,4655,846,79,4042,214
Spain_8104659,Spain,train,EPSG:4326,512,512,-1 0 1,-40.64519500732422,13.869498252868652,-47.007049560546875,4.189901351928711,0.0,258644,58,2784,139,50,453,16
Spain_8154154,Spain,train,EPSG:4326,512,512,-1 0 1,-44.39204406738281,20.01021385192871,-49.999229431152344,6.054754257202148,0.0,257536,476,3062,160,38,846,26
Spain_8199661,Spain,train,EPSG:4326,512,512,-1 0 1,-44.942691802978516,15.337540626525879,-47.06793212890625,4.902751445770264,0.0,253854,765,5221,517,5,1674,108
Spain_8372658,Spain,valid,EPSG:4326,512,512,-1 0 1,-46.83738708496094,36.83202362060547,-51.96451187133789,10.9528169631958,0.0,168925,752,73058,4004,1163,14127,115
Spain_8565131,Spain,valid,EPSG:4326,512,512,-1 0 1,-52.048709869384766,16.280344009399414,-51.55350875854492,-2.2653586864471436,0.0,209728,1798,29773,12148,358,8279,60
Sri-Lanka_101973,Sri-Lanka,valid,EPSG:4326,512,512,-1 0 1,-25.355199813842773,14.373910903930664,-43.616825103759766,0.4887712001800537,0.0,259185,194,992,1087,216,469,1
Sri-Lanka_1038087,Sri-Lanka,train,EPSG:4326,512,512,-1 0 1,-27.18939781188965,17.424293518066406,-46.61417770385742,-1.1892552375793457,0.0,244031,2541,15161,402,1,7,1
Sri-Lanka_1049830,Sri-Lanka,valid,EPSG:4326,512,512,-1 0 1,-26.861867904663086,15.394603729248047,-47.64445114135742,3.9928717613220215,0.0,187656,831,40,1459,6,241,71911
Sri-Lanka_117737,Sri-Lanka,valid,EPSG:4326,512,512,0 1,-26.055835723876953,14.858243942260742,-45.91227340698242,9.66456413269043,0.0,255413,408,3711,1780,175,657,0
Sri-Lanka_120804,Sri-Lanka,train,EPSG:4326,512,512,0 1,-28.79827880859375,15.527957916259766,-46.91796875,4.737132549285889,0.0,255186,547,5441,944,3,23,0
Sri-Lanka_132922,Sri-Lanka,valid,EPSG:4326,512,512,0 1,-24.036142349243164,14.207763671875,-43.85365676879883,0.8314272165298462,0.0,244301,52,14812,2064,217,698,0
Sri-Lanka_135713,Sri-Lanka,train,EPSG:4326,512,512,-1 0,-24.377336502075195,13.81186294555664,-30.342195510864258,0.5328845381736755,0.0,134330,0,0,0,0,0,127814
Sri-Lanka_14484,Sri-Lanka,train,EPSG:4326,512,512,-1 0 1,-29.421722412109375,15.913252830505371,-47.78068161010742,5.807165622711182,0.0,193149,362,34043,4197,38,226,30129
Sri-Lanka_152185,Sri-Lanka,train,EPSG:4326,512,512,0 1,-29.145709991455078,8.731497764587402,-38.913291931152344,-1.1659795045852661,0.0,259946,552,12,1332,0,302,0
Sri-Lanka_163406,Sri-Lanka,train,EPSG:4326,512,512,0 1,-26.419448852539062,6.157220840454102,-44.49424362182617,8.391927719116211,0.0,257074,1793,113,3111,0,53,0
Sri-Lanka_178753,Sri-Lanka,train,EPSG:4326,512,512,-1 0 1,-21.824214935302734,11.699658393859863,-28.6519775390625,6.083716869354248,0.0,253228,0,379,266,0,0,8271
Sri-Lanka_233609,Sri-Lanka,train,EPSG:4326,512,512,-1 0 1,-27.897174835205078,12.672064781188965,-47.03927993774414,-1.4599062204360962,0.0,250243,1862,3462,1502,1,50,5024
Sri-Lanka_236030,Sri-Lanka,valid,EPSG:4326,512,512,-1 0 1,-28.27484703063965,19.46799087524414,-46.02082061767578,0.05433348938822746,0.0,204375,525,0,919,1,268,56056
Sri-Lanka_236628,Sri-Lanka,valid,EPSG:4326,512,512,-1 0 1,-27.302961349487305,10.694802284240723,-43.42295455932617,-2.478182554244995,0.0,259061,906,179,1994,0,2,2
Sri-Lanka_249079,Sri-Lanka,train,EPSG:4326,512,512,-1 0 1,-24.994447708129883,13.947107315063477,-34.59684371948242,-0.5732306838035583,0.0,164764,0,0,4,0,7,97369
Sri-Lanka_31559,Sri-Lanka,valid,EPSG:4326,512,512,-1 0 1,-21.494033813476562,20.588050842285156,-29.271636962890625,1.0179349184036255,0.0,218331,0,2,460,0,2,43349
Sri-Lanka_321316,Sri-Lanka,valid,EPSG:4326,512,512,-1 0 1,-27.07120132446289,8.301881790161133,-53.36668395996094,-5.581446170806885,0.0,165228,88276,97,7223,11,1298,11
Sri-Lanka_377277,Sri-Lanka,valid,EPSG:4326,512,512,-1 0 1,-31.330854415893555,9.962108612060547,-41.78691101074219,3.4980621337890625,0.0,250785,5137,2096,1345,0,25,2756
Sri-Lanka_400518,Sri-Lanka,train,EPSG:4326,512,512,0 1,-26.569377899169922,12.77652359008789,-34.089195251464844,5.551016807556152,0.0,259764,674,537,1105,0,64,0
Sri-Lanka_450918,Sri-Lanka,valid,EPSG:4326,512,512,-1 0 1,-22.45869255065918,18.960004806518555,-29.584863662719727,0.07190188020467758,0.0,94849,0,25,4167,31,54,163018
Sri-Lanka_49764,Sri-Lanka,train,EPSG:4326,512,512,-1 0 1,-23.444576263427734,19.249671936035156,-29.323911666870117,2.63314151763916,0.0,240841,0,0,2442,0,44,18817
Sri-Lanka_52223,Sri-Lanka,train,EPSG:4326,512,512,0,-22.179645538330078,-1.2316269874572754,-32.599769592285156,-6.796510219573975,0.0,262144,0,0,0,0,0,0
Sri-Lanka_523539,Sri-Lanka,train,EPSG:4326,512,512,-1 0 1,-27.299293518066406,12.092830657958984,-43.21453094482422,11.177824974060059,0.0,193812,1436,17750,4837,51,595,43663
Sri-Lanka_534068,Sri-Lanka,valid,EPSG:4326,512,512,0 1,-24.43688201904297,-2.7134804725646973,-48.25899124145508,-2.542667865753174,0.0,4876,256647,9,498,0,114,0
Sri-Lanka_551926,Sri-Lanka,train,EPSG:4326,512,512,0 1,-28.637189865112305,3.708425521850586,-48.16065979003906,-2.5494561195373535,0.0,242544,6807,23,12534,19,217,0
Sri-Lanka_55568,Sri-Lanka,train,EPSG:4326,512,512,-1 0 1,-24.681978225708008,5.802995204925537,-47.683929443359375,2.113391876220703,0.0,197590,6338,228,8581,0,121,49286
Sri-Lanka_579082,Sri-Lanka,train,EPSG:4326,512,512,-1 0 1,-27.9280948638916,17.504989624023438,-43.024017333984375,4.493461608886719,0.0,193797,746,7942,5462,6,310,53881
Sri-Lanka_612594,Sri-Lanka,valid,EPSG:4326,512,512,0 1,-31.807035446166992,6.741239547729492,-48.01637649536133,-5.447816848754883,0.0,219019,35769,77,7277,0,2,0
Sri-Lanka_63307,Sri-Lanka,valid,EPSG:4326,512,512,0 1,-27.050783157348633,12.591419219970703,-41.49602508544922,2.1120424270629883,0.0,255139,0,5715,1097,4,189,0
Sri-Lanka_649970,Sri-Lanka,valid,EPSG:4326,512,512,-1 0 1,-27.096277236938477,9.623023986816406,-41.46038055419922,-0.688543438911438,0.0,243512,1493,14685,1110,0,55,1289
Sri-Lanka_653336,Sri-Lanka,train,EPSG:4326,512,512,-1 0 1,-27.847030639648438,9.998974800109863,-48.304107666015625,-3.7108592987060547,0.0,244159,5828,4764,7309,0,81,3
Sri-Lanka_713926,Sri-Lanka,valid,EPSG:4326,512,512,-1 0 1,-48.353824615478516,14.202475547790527,-54.378440856933594,7.582413673400879,0.0,181598,78947,0,1128,134,297,40
Sri-Lanka_748447,Sri-Lanka,train,EPSG:4326,512,512,-1 0 1,-27.32801055908203,17.777101516723633,-33.97774124145508,1.107011318206787,0.0,247968,86,68,1036,0,29,12957
Sri-Lanka_845821,Sri-Lanka,train,EPSG:4326,512,512,-1 0 1,-25.924121856689453,-3.1049604415893555,-48.251670837402344,-7.851001262664795,0.0,6212,233936,1,169,0,440,21386
Sri-Lanka_847275,Sri-Lanka,train,EPSG:4326,512,512,-1 0 1,-26.21584129333496,11.876367568969727,-48.02230453491211,1.095085620880127,0.0,180897,32746,8592,7195,50,1881,30783
Sri-Lanka_849649,Sri-Lanka,valid,EPSG:4326,512,512,-1 0 1,-24.405481338500977,9.232563018798828,-38.39328384399414,-1.4821770191192627,0.0,216315,680,227,912,0,73,43937
Sri-Lanka_85652,Sri-Lanka,valid,EPSG:4326,512,512,-1 0 1,-21.584325790405273,20.197505950927734,-36.237266540527344,4.493344783782959,0.0,195427,7,539,1356,3,36,64776
Sri-Lanka_883641,Sri-Lanka,train,EPSG:4326,512,512,0 1,-27.394670486450195,10.38095760345459,-48.084075927734375,-2.9879825115203857,0.0,248644,7847,7,5127,0,519,0
Sri-Lanka_916628,Sri-Lanka,train,EPSG:4326,512,512,-1 0 1,-29.593320846557617,21.582841873168945,-47.755226135253906,5.504329204559326,0.0,178437,43022,3103,31658,524,3217,2183
Sri-Lanka_922192,Sri-Lanka,valid,EPSG:4326,512,512,-1 0 1,-23.19249153137207,16.80155372619629,-39.92021179199219,9.158103942871094,0.0,238753,27,421,577,0,5,22361
Sri-Lanka_92824,Sri-Lanka,train,EPSG:4326,512,512,-1 0 1,-26.35708999633789,11.365900039672852,-47.80146408081055,4.803298473358154,0.0,191116,3611,47221,4235,1,322,15638
Sri-Lanka_956740,Sri-Lanka,train,EPSG:4326,512,512,-1 0 1,-32.622779846191406,8.962080955505371,-42.616817474365234,-0.576727032661438,0.0,194151,6804,10,1098,0,6,60075
USA_1010394,USA,train,EPSG:4326,512,512,-1 0 1,-30.426332473754883,11.55487060546875,-41.171268463134766,0.936217188835144,0.0,260650,355,4,891,0,231,13
USA_1039203,USA,valid,EPSG:4326,512,512,-1 0 1,-29.800827026367188,6.570636749267578,-47.22119903564453,-4.09051513671875,0.0,260501,503,60,388,0,660,32
USA_1049586,USA,valid,EPSG:4326,512,512,-1 0 1,-27.31111717224121,22.10909652709961,-47.1006965637207,7.10017728805542,0.0,259939,1457,12,456,1,196,83
USA_1068362,USA,train,EPSG:4326,512,512,-1 0 1,-41.9606819152832,9.71751880645752,-50.407806396484375,-0.37801116704940796,0.0,230942,1269,21174,8065,36,638,20
USA_1082482,USA,valid,EPSG:4326,512,512,-1 0 1,-28.130992889404297,10.761445045471191,-47.223793029785156,-4.886499404907227,0.0,259924,942,217,925,0,122,14
USA_11422,USA,train,EPSG:4326,512,512,-1 0 1,-34.795082092285156,11.11606502532959,-52.89332580566406,-1.538562536239624,0.0,226122,24281,10814,761,30,134,2
USA_114964,USA,train,EPSG:4326,512,512,-1 0 1,-29.64801597595215,10.563253402709961,-34.348670959472656,-6.72361946105957,0.0,261771,18,0,206,0,130,19
USA_115033,USA,train,EPSG:4326,512,512,-1 0 1,-27.353260040283203,8.28525447845459,-47.190513610839844,1.155466914176941,0.0,259750,886,5,1232,0,236,35
USA_170264,USA,train,EPSG:4326,512,512,-1 0 1,-44.576473236083984,16.563373565673828,-53.111698150634766,4.301804542541504,0.0,218447,524,32577,9136,110,1188,162
USA_179917,USA,train,EPSG:4326,512,512,-1 0 1,-28.366886138916016,16.228240966796875,-47.008506774902344,11.163671493530273,0.0,261583,412,0,78,0,21,50
USA_181263,USA,train,EPSG:4326,512,512,-1 0 1,-32.07051086425781,7.937187671661377,-50.786922454833984,-5.9220075607299805,0.0,206434,140,10,471,2,442,54645
USA_181503,USA,train,EPSG:4326,512,512,-1 0 1,-33.70520782470703,5.886042594909668,-49.979183197021484,1.0785812139511108,0.0,260921,234,11,678,0,271,29
USA_19225,USA,valid,EPSG:4326,512,512,-1 0 1,-34.987152099609375,11.674089431762695,-48.77617645263672,-6.0781331062316895,0.0,260731,505,208,534,1,143,22
USA_198411,USA,train,EPSG:4326,512,512,-1 0 1,-39.54983901977539,3.5954627990722656,-47.395904541015625,-4.863161563873291,0.0,75485,6189,1,2396,5,146,177922
USA_211406,USA,train,EPSG:4326,512,512,-1 0 1,-31.350284576416016,13.479044914245605,-47.193580627441406,-3.46333646774292,0.0,260971,597,20,327,0,186,43
USA_217598,USA,train,EPSG:4326,512,512,-1 0 1,-45.437744140625,11.599827766418457,-51.876792907714844,-6.4312920570373535,0.0,212046,544,32533,11343,379,452,4847
USA_224165,USA,train,EPSG:4326,512,512,-1 0 1,-24.883697509765625,13.18204402923584,-42.9261589050293,2.204540967941284,0.0,261965,30,18,91,0,22,18
USA_225017,USA,valid,EPSG:4326,512,512,-1 0 1,-37.827606201171875,11.981566429138184,-47.796356201171875,1.1546010971069336,0.0,245358,13820,1917,715,9,319,6
USA_231124,USA,train,EPSG:4326,512,512,-1 0 1,-29.948543548583984,11.478311538696289,-43.204471588134766,-4.316548824310303,0.0,125570,81,34,3480,13,231,132735
USA_232060,USA,train,EPSG:4326,512,512,-1 0 1,-30.373546600341797,7.98885440826416,-46.97390365600586,-4.673516750335693,0.0,260414,488,102,794,0,329,17
USA_251323,USA,valid,EPSG:4326,512,512,-1 0 1,-25.249662399291992,11.965231895446777,-46.28901290893555,-4.808569431304932,0.0,260343,67,105,441,0,82,1106
USA_260929,USA,train,EPSG:4326,512,512,-1 0 1,-26.368194580078125,1.377384901046753,-39.70213317871094,-6.530673027038574,0.0,257114,60,192,3032,30,1706,10
USA_275372,USA,valid,EPSG:4326,512,512,-1 0 1,-35.28883361816406,15.992267608642578,-47.34318161010742,12.55744743347168,0.0,259416,461,26,1848,6,381,6
USA_308150,USA,valid,EPSG:4326,512,512,-1 0 1,-41.2886848449707,7.171456336975098,-47.856502532958984,-5.945343017578125,0.0,259120,1614,0,962,0,331,117
USA_347609,USA,train,EPSG:4326,512,512,-1 0 1,-30.329072952270508,7.934258937835693,-47.27249526977539,-3.1722607612609863,0.0,202774,346,210,970,3,113,57728
USA_348639,USA,train,EPSG:4326,512,512,-1 0 1,-33.35209655761719,15.212315559387207,-50.59444046020508,1.5232584476470947,0.0,234964,18871,4994,2978,29,282,26
USA_350244,USA,valid,EPSG:4326,512,512,-1 0 1,-31.819015502929688,18.222135543823242,-44.848854064941406,11.201139450073242,0.0,260835,183,33,860,0,209,24
USA_354981,USA,train,EPSG:4326,512,512,-1 0 1,-29.653949737548828,12.266790390014648,-45.809486389160156,-3.3576161861419678,0.0,260287,736,0,721,143,124,133
USA_366607,USA,valid,EPSG:4326,512,512,-1 0 1,-47.29182434082031,13.540224075317383,-50.90673065185547,0.24133433401584625,0.0,212814,45297,746,2820,7,455,5
USA_375183,USA,train,EPSG:4326,512,512,-1 0 1,-41.37241744995117,9.855027198791504,-49.99143600463867,-2.0513291358947754,0.0,255547,2946,4,3021,26,521,79
USA_387945,USA,train,EPSG:4326,512,512,-1 0 1,-31.298870086669922,1.124733567237854,-47.575164794921875,-6.866023063659668,0.0,248686,23,6809,4817,0,1804,5
USA_430764,USA,valid,EPSG:4326,512,512,-1 0 1,-29.502323150634766,10.307272911071777,-47.09009552001953,-1.682410478591919,0.0,246698,29,13689,679,74,968,7
USA_438959,USA,train,EPSG:4326,512,512,-1 0 1,-49.9672966003418,8.999667167663574,-60.048831939697266,1.578107476234436,0.0,247597,5465,1,544,0,293,8244
USA_486103,USA,train,EPSG:4326,512,512,-1 0 1,-44.243526458740234,18.471363067626953,-55.710418701171875,9.405572891235352,0.0,254818,1207,196,5524,49,266,84
USA_504150,USA,valid,EPSG:4326,512,512,-1 0 1,-31.025779724121094,24.190916061401367,-47.01963424682617,14.478318214416504,0.0,258864,2447,42,579,12,182,18
USA_519181,USA,valid,EPSG:4326,512,512,-1 0 1,-32.79340744018555,16.705520629882812,-49.998878479003906,10.82824420928955,0.0,259975,1296,1,647,3,205,17
USA_527077,USA,valid,EPSG:4326,512,512,-1 0 1,-30.9516544342041,9.421891212463379,-49.599822998046875,-2.426790714263916,0.0,260481,548,82,589,0,427,17
USA_58086,USA,train,EPSG:4326,512,512,-1 0 1,-40.02201843261719,13.172749519348145,-54.73534393310547,-2.0345585346221924,0.0,246218,686,12878,1550,186,594,32
USA_595451,USA,valid,EPSG:4326,512,512,-1 0 1,-47.374732971191406,4.013206481933594,-54.85744094848633,-5.739983081817627,0.0,241605,333,15377,4527,22,272,8
USA_604222,USA,train,EPSG:4326,512,512,-1 0 1,-34.15848159790039,18.39916229248047,-50.400535583496094,9.617524147033691,0.0,255482,3270,107,2687,42,535,21
USA_605492,USA,train,EPSG:4326,512,512,-1 0 1,-47.28136444091797,9.085756301879883,-47.29391860961914,-2.3526549339294434,0.0,259094,480,357,1856,0,338,19
USA_638521,USA,train,EPSG:4326,512,512,-1 0 1,-38.78211212158203,3.123027801513672,-49.982425689697266,-1.0468804836273193,0.0,256977,1,520,3055,14,1574,3
USA_646878,USA,valid,EPSG:4326,512,512,-1 0 1,-27.31187629699707,11.414167404174805,-47.1319580078125,2.8425962924957275,0.0,249873,81,1627,647,0,69,9847
USA_652955,USA,train,EPSG:4326,512,512,-1 0 1,-35.996517181396484,9.388431549072266,-47.06172561645508,1.2769638299942017,0.0,253614,59,1397,2935,20,4116,3
USA_655230,USA,train,EPSG:4326,512,512,-1 0 1,-31.793437957763672,6.54788064956665,-47.245635986328125,3.000253438949585,0.0,260984,412,6,460,0,267,15
USA_66026,USA,train,EPSG:4326,512,512,-1 0 1,-27.414226531982422,6.770513534545898,-44.6594123840332,-5.055872440338135,0.0,261154,282,25,493,0,187,3
USA_664261,USA,train,EPSG:4326,512,512,-1 0 1,-47.320777893066406,5.486131191253662,-47.430233001708984,-4.891757488250732,0.0,257272,3345,131,792,33,514,57
USA_66511,USA,valid,EPSG:4326,512,512,-1 0 1,-24.944461822509766,8.539327621459961,-42.97040939331055,3.465052366256714,0.0,259409,122,68,2141,17,379,8
USA_670826,USA,valid,EPSG:4326,512,512,-1 0 1,-26.85092544555664,7.2056884765625,-39.36382293701172,-5.565240383148193,0.0,259122,135,76,2480,1,318,12
USA_67102,USA,valid,EPSG:4326,512,512,-1 0 1,-46.0614013671875,8.124828338623047,-54.18590545654297,-2.213469982147217,0.0,252600,8748,11,564,3,165,53
USA_693819,USA,train,EPSG:4326,512,512,-1 0 1,-30.820316314697266,8.805354118347168,-51.38384246826172,-4.704962253570557,0.0,259650,408,74,1582,0,390,40
USA_741073,USA,valid,EPSG:4326,512,512,-1 0 1,-30.46135711669922,6.070502281188965,-47.21601486206055,-2.146878957748413,0.0,258740,1388,19,1380,0,588,29
USA_741178,USA,valid,EPSG:4326,512,512,-1 0 1,-29.73633575439453,19.073152542114258,-46.99677276611328,10.480340003967285,0.0,260671,333,291,681,0,141,27
USA_758178,USA,valid,EPSG:4326,512,512,-1 0 1,-32.322017669677734,10.6558198928833,-47.57260513305664,-2.2448461055755615,0.0,260516,407,46,965,0,199,11
USA_761032,USA,valid,EPSG:4326,512,512,-1 0 1,-41.767845153808594,4.60135555267334,-49.7788200378418,-5.953062534332275,0.0,250008,88,6380,5421,0,228,19
USA_770353,USA,train,EPSG:4326,512,512,-1 0 1,-33.74466323852539,18.61863136291504,-47.11022186279297,4.861273288726807,0.0,227714,15713,15282,2084,16,1332,3
USA_778194,USA,valid,EPSG:4326,512,512,-1 0 1,-31.500244140625,8.937461853027344,-47.0411262512207,1.1146717071533203,0.0,258232,3036,33,365,0,404,74
USA_788696,USA,train,EPSG:4326,512,512,-1 0 1,-35.80317306518555,12.768694877624512,-54.65358352661133,-0.7619383335113525,0.0,150678,103812,563,6165,228,680,18
USA_806273,USA,train,EPSG:4326,512,512,-1 0 1,-36.358707427978516,11.318750381469727,-47.029666900634766,-1.2018102407455444,0.0,256344,1254,129,4091,1,312,13
USA_826217,USA,valid,EPSG:4326,512,512,-1 0 1,-32.358829498291016,5.29976224899292,-47.193321228027344,1.246941328048706,0.0,257628,402,3117,749,2,228,18
USA_831672,USA,train,EPSG:4326,512,512,-1 0 1,-32.0041389465332,6.841395854949951,-47.27750778198242,-0.7163950204849243,0.0,241159,185,9389,9520,17,1846,28
USA_84195,USA,train,EPSG:4326,512,512,-1 0 1,-35.37210464477539,9.654884338378906,-49.3656005859375,-4.7006144523620605,0.0,258326,2107,57,949,2,696,7
USA_86502,USA,train,EPSG:4326,512,512,-1 0 1,-27.10141372680664,14.97262954711914,-47.06084442138672,0.2226490080356598,0.0,195770,10009,52726,2409,67,1151,12
USA_905409,USA,valid,EPSG:4326,512,512,-1 0 1,-31.781105041503906,13.142108917236328,-47.90217590332031,-1.29961097240448,0.0,217632,43165,18,984,13,287,45
USA_908474,USA,train,EPSG:4326,512,512,-1 0 1,-26.631832122802734,18.22730827331543,-47.096954345703125,5.964843273162842,0.0,260225,400,2,957,4,483,73
USA_933610,USA,valid,EPSG:4326,512,512,-1 0 1,-29.0617618560791,10.092225074768066,-47.225433349609375,0.9080577492713928,0.0,258204,2587,83,688,0,465,117
USA_955053,USA,train,EPSG:4326,512,512,-1 0 1,-47.36436080932617,14.273825645446777,-56.32072448730469,-6.4423909187316895,0.0,226302,303,28222,7124,64,125,4
USA_986268,USA,valid,EPSG:4326,512,512,-1 0 1,-32.77843475341797,8.159928321838379,-47.338321685791016,-5.2220869064331055,0.0,253031,94,6247,2619,0,132,21
USA_994009,USA,train,EPSG:4326,512,512,-1 0 1,-32.6587028503418,23.054107666015625,-47.11249542236328,-0.726010799407959,0.0,260121,633,10,735,0,519,126
